name,gender,usage,category
Abrez,,l,fringe
Acrux,,l,fringe
Aesir,,l,fringe
Ain,,l,fringe
Ajam,,l,fringe
Almach,,l,fringe
Amandi,,l,fringe
Ambor,,l,fringe
Aniara,,l,fringe
Aphris,,l,fringe
Arayya,,l,fringe
Aruz,,l,fringe
Asjak,,l,fringe
Aslund,,l,fringe
Athyr,,l,fringe
Atmir,,l,fringe
Avalam,,l,fringe
Avim,,l,fringe
Azax,,l,fringe
Azha,,l,fringe
Bax,,l,fringe
Baxom,,l,fringe
Bera,,l,fringe
Betria,,l,fringe
Beznar,,l,fringe
Binami,,l,fringe
Bir,,l,fringe
Birana,,l,fringe
Brakma,,l,fringe
Brius,,l,fringe
Busim,,l,fringe
Bythia,,l,fringe
Calam,,l,fringe
Caph,,l,fringe
Chara,,l,fringe
Chox,,l,fringe
Cidar,,l,fringe
Cipux,,l,fringe
Cizar,,l,fringe
Codria,,l,fringe
Culdax,,l,fringe
Cursa,,l,fringe
Cyban,,l,fringe
Cyteen,,l,fringe
Delcor,,l,fringe
Deomia,,l,fringe
Diadem,,l,fringe
Diam,,l,fringe
Dimis,,l,fringe
Dojack,,l,fringe
Dothon,,l,fringe
Dram,,l,fringe
Duhr,,l,fringe
Durth,,l,fringe
Duwix,,l,fringe
Eiol,,l,fringe
Emer,,l,fringe
Enif,,l,fringe
Enim,,l,fringe
Evarym,,l,fringe
Evexus,,l,fringe
Faenov,,l,fringe
Fatis,,l,fringe
Fenni,,l,fringe
Fihir,,l,fringe
Firam,,l,fringe
Fuye,,l,fringe
Gatana,,l,fringe
Ginam,,l,fringe
Gol,,l,fringe
Gothra,,l,fringe
Guram,,l,fringe
Halax,,l,fringe
Hazra,,l,fringe
Heka,,l,fringe
Helam,,l,fringe
Higma,,l,fringe
Himpra,,l,fringe
Hirim,,l,fringe
Hixam,,l,fringe
Hixar,,l,fringe
Hizar,,l,fringe
Hoda,,l,fringe
Huph,,l,fringe
Hyrma,,l,fringe
Ijax,,l,fringe
Illex,,l,fringe
Imdar,,l,fringe
Intham,,l,fringe
Iolam,,l,fringe
Iresta,,l,fringe
Iriani,,l,fringe
Irim,,l,fringe
Isius,,l,fringe
Istora,,l,fringe
Izar,,l,fringe
Izta,,l,fringe
Izval,,l,fringe
Jabeth,,l,fringe
Jalora,,l,fringe
Janna,,l,fringe
Jih,,l,fringe
Jishui,,l,fringe
Jumla,,l,fringe
Kajam,,l,fringe
Kamia,,l,fringe
Karos,,l,fringe
Kastra,,l,fringe
Kathea,,l,fringe
Katz,,l,fringe
Kauri,,l,fringe
Kazon,,l,fringe
Keid,,l,fringe
Keso,,l,fringe
Khiram,,l,fringe
Khor,,l,fringe
Kiram,,l,fringe
Koria,,l,fringe
Kosk,,l,fringe
Koter,,l,fringe
Krash,,l,fringe
Kraz,,l,fringe
Ksora,,l,fringe
Kuma,,l,fringe
Kuzom,,l,fringe
Lazon,,l,fringe
Lem,,l,fringe
Lesath,,l,fringe
Liram,,l,fringe
Lurus,,l,fringe
Lyrae,,l,fringe
Lyrum,,l,fringe
Maaz,,l,fringe
Magam,,l,fringe
Maia,,l,fringe
Majek,,l,fringe
Marath,,l,fringe
Markaz,,l,fringe
Masqal,,l,fringe
Matar,,l,fringe
Mecura,,l,fringe
Medac,,l,fringe
Meissa,,l,fringe
Menok,,l,fringe
Merga,,l,fringe
Mihil,,l,fringe
Mili,,l,fringe
Minokh,,l,fringe
Mira,,l,fringe
Mirzam,,l,fringe
Mithar,,l,fringe
Mius,,l,fringe
Mizar,,l,fringe
Molsir,,l,fringe
Mota,,l,fringe
Mura,,l,fringe
Myrum,,l,fringe
Najaga,,l,fringe
Naos,,l,fringe
Navi,,l,fringe
Nemozi,,l,fringe
Nendi,,l,fringe
Niamba,,l,fringe
Nicor,,l,fringe
Nietz,,l,fringe
Nodox,,l,fringe
Nostea,,l,fringe
Nyvann,,l,fringe
Nyx,,l,fringe
Nyxras,,l,fringe
Obrium,,l,fringe
Pesch,,l,fringe
Peya,,l,fringe
Phact,,l,fringe
Pyla,,l,fringe
Qapra,,l,fringe
Rana,,l,fringe
Rantor,,l,fringe
Raprix,,l,fringe
Raxum,,l,fringe
Rayima,,l,fringe
Raznum,,l,fringe
Regis,,l,fringe
Regor,,l,fringe
Revak,,l,fringe
Riak,,l,fringe
Rixim,,l,fringe
Rizor,,l,fringe
Rothyr,,l,fringe
Rubiz,,l,fringe
Ruchba,,l,fringe
Runa,,l,fringe
Ruqlar,,l,fringe
Rurius,,l,fringe
Rym,,l,fringe
Sabik,,l,fringe
Saia,,l,fringe
Saiph,,l,fringe
Salax,,l,fringe
Saldar,,l,fringe
Saoira,,l,fringe
Saonus,,l,fringe
Sapad,,l,fringe
Sapir,,l,fringe
Sasin,,l,fringe
Seb,,l,fringe
Selea,,l,fringe
Shorax,,l,fringe
Sidor,,l,fringe
Sidyr,,l,fringe
Siet,,l,fringe
Sisaja,,l,fringe
Sismak,,l,fringe
Sosta,,l,fringe
Soval,,l,fringe
Soyun,,l,fringe
Subra,,l,fringe
Suia,,l,fringe
Suth,,l,fringe
Suulan,,l,fringe
Suyo,,l,fringe
Sym,,l,fringe
Syrma,,l,fringe
Szokal,,l,fringe
Taiyi,,l,fringe
Talan,,l,fringe
Targon,,l,fringe
Tazri,,l,fringe
Teae,,l,fringe
Teige,,l,fringe
Tem,,l,fringe
Tiakia,,l,fringe
Tibor,,l,fringe
Tigira,,l,fringe
Tinab,,l,fringe
Tir,,l,fringe
Tirim,,l,fringe
Tiuz,,l,fringe
Tobeva,,l,fringe
Turim,,l,fringe
Tybby,,l,fringe
Tyl,,l,fringe
Tystra,,l,fringe
Uldor,,l,fringe
Umik,,l,fringe
Unif,,l,fringe
Unith,,l,fringe
Unuk,,l,fringe
Unur,,l,fringe
Ustir,,l,fringe
Uzun,,l,fringe
Vana,,l,fringe
Veit,,l,fringe
Veliko,,l,fringe
Veyer,,l,fringe
Vilth,,l,fringe
Viriak,,l,fringe
Voldox,,l,fringe
Voon,,l,fringe
Vox,,l,fringe
Vurul,,l,fringe
Wasat,,l,fringe
Wezen,,l,fringe
Wolgun,,l,fringe
Wua,,l,fringe
Wymos,,l,fringe
Xir,,l,fringe
Xirak,,l,fringe
Xudra,,l,fringe
Yamal,,l,fringe
Yarak,,l,fringe
Ydria,,l,fringe
Yildun,,l,fringe
Yinin,,l,fringe
Ylva,,l,fringe
Ynessa,,l,fringe
Yomon,,l,fringe
Yon,,l,fringe
Yotla,,l,fringe
Ysum,,l,fringe
Yunak,,l,fringe
Yval,,l,fringe
Zaffa,,l,fringe
Zaniah,,l,fringe
Zarim,,l,fringe
Zastea,,l,fringe
Zatar,,l,fringe
Zaurak,,l,fringe
Zempek,,l,fringe
Zhir,,l,fringe
Ziamon,,l,fringe
Zif,,l,fringe
Zipir,,l,fringe
Ziris,,l,fringe
Zithri,,l,fringe
Zom,,l,fringe
Zorf,,l,fringe
Zosma,,l,fringe
Zowod,,l,fringe
Zuben,,l,fringe
Abazi,,l,future
Achelous,,l,future
Adrastea,f,"f, l",future
Aelius,,l,future
Ahti,,l,future
Aiabara,,l,future
Aiabiko,,l,future
Aitne,,l,future
Allusia,f,l,future
Amalthea,f,f,future
Ananke,,l,future
Andromeda,f,,future
Antares,,l,future
Anteros,m,"f, l","future, myth"
Antlia,,l,future
Aoede,,l,future
Apheleia,,l,"future, myth"
Aphros,,l,future
Aquarius,,l,future
Aquila,m,"f, l",future
Aranka,,l,future
Aravaci,,l,future
Arche,m,l,future
Areash,m,l,future
Arque,m,l,future
Asteria,f,l,"future, myth"
Asura,f,l,future
Atropos,,l,"future, myth"
Aura,f,l,future
Auriga,,l,future
Aurora,f,l,future
Basika,,l,future
Belarsh,,l,future
Berenices,,l,future
Bestia,f,"f, l",future
Borealis,,l,future
Boreas,,l,future
Bythos,,l,future
Caelinus,,l,future
Caelum,m,l,future
Caerus,m,l,"future, myth"
Callisto,f,"f, l",future
Canis,m,"f, l",future
Capella,,l,future
Capricornus,,l,future
Carcosa,,l,future
Caribri,,l,future
Carina,f,"f, l",future
Carme,,l,future
Carpo,,l,future
Centaurus,,l,future
Cepheus,m,"f, l",future
Ceramix,,"f, l",future
Cetus,m,"f, l",future
Chaldene,,l,future
Circinus,,l,future
Columba,f,"f, l",future
Concordia,,l,future
Corona,f,"f, l",future
Crater,m,"f, l",future
Crux,m,l,future
Cyllene,f,l,future
Danae,f,"f, l",future
Delphinus,,l,future
Denebola,,l,future
Dia,f,"f, l",future
Dolos,f,l,"future, myth"
Dorado,m,l,future
Draco,m,"f, l",future
Durius,m,"f, l",future
Eirene,f,l,"future, myth"
Elara,f,"f, l",future
Eleos,,l,"future, myth"
Eleutheria,,l,"future, myth"
Epiphron,,l,"future, myth"
Erebus,m,"f, l","future, myth"
Eridani,f,"f, l",future
Eridanus,,l,future
Erinome,,l,future
Eris,f,"f, l","future, myth"
Ersa,f,"f, l",future
Eucleia,,l,"future, myth"
Eukelade,,l,future
Eulabeia,,l,"future, myth"
Eunomia,,l,"future, myth"
Eupheme,,l,"future, myth"
Eupraxia,,l,"future, myth"
Europa,f,l,future
Euthenia,f,l,"future, myth"
Fornax,m,"f, l",future
Fortuna,,l,"future, myth"
Ganymede,,l,future
Gemini,,"f, l",future
Harmonia,f,"f, l","future, myth"
Harpalyke,,l,future
Hegemone,,l,future
Hesychia,,l,"future, myth"
Himalia,,l,future
Himeros,,l,"future, myth"
Homonoia,,l,"future, myth"
Hybris,,l,"future, myth"
Hydrus,,l,future
Indra,m,"f, l","future, myth"
Indus,m,"f, l",future
Isonoe,f,"f, l",future
Juno,f,f,future
Kale,m,"f, l",future
Kallichore,,l,future
Kalyke,f,"f, l",future
Karini,,l,future
Kista,f,f,future
Kokomi,f,f,future
Kore,,l,future
Kydoimos,,l,"future, myth"
Lacerta,,l,future
Leda,f,"f, l",future
Lepus,,l,future
Lethe,,l,"future, myth"
Libra,f,"f, l",future
Lupe,,f,"future, myth"
Lupus,m,l,future
Lynx,m,l,future
Lyra,f,"f, l",future
Lysithea,f,l,future
Mahari,f,l,future
Maia,f,f,"future, myth"
Megaclite,,l,future
Mensa,,l,future
Merope,,l,future
Metis,m,"f, l",future
Miola,,l,future
Miorine,f,f,future
Monoceros,,l,future
Moros,,l,"future, myth"
Nareni,,l,future
Nephthys,f,f,"future, myth"
Nomos,,l,"future, myth"
Norma,f,l,future
Nortia,,l,"future, myth"
Notus,,l,"future, myth"
Nox,,l,"future, myth"
Nyx,,l,"future, myth"
Octans,m,"f, l",future
Octantis,m,"f, l",future
Ophiuchus,,l,future
Orionis,,l,future
Orthosie,,l,future
Pasiphae,f,"f, l",future
Pavo,m,"f, l",future
Pegasus,,l,future
Penthus,,l,"future, myth"
Persei,,l,future
Perseus,m,"f, l",future
Philophrosyne,,l,future
Phoenix,m,"f, l",future
Pictor,,l,future
Piscis,,l,future
Piscium,,l,future
Pistis,,l,"future, myth"
Praxidike,,l,future
Procyon,,l,future
Proioxis,,l,"future, myth"
Proteus,m,"f, l","future, myth"
Puppis,,l,future
Pyxis,m,"f, l",future
Rana,f,f,future
Ratri,f,l,"future, myth"
Regulus,m,"f, l",future
Rembran,,l,future
Reticulum,,l,future
Sabik,m,"f, l",future
Sagitta,,l,future
Sagittarius,,l,future
Scorpius,,l,future
Sculptor,,l,future
Scutum,,l,future
Serpens,,l,future
Serpentis,,l,future
Sextans,,l,future
Sitta,,l,future
Sophrosyne,,l,"future, myth"
Soteria,f,"f, l","future, myth"
Sothis,m,"f, l",future
Suletta,f,f,future
Taliesin,f,f,future
Talitha,f,"f, l",future
Taurus,m,"f, l",future
Triangulum,,l,future
Troyard,m,l,future
Tucana,f,"f, l",future
Typhon,m,"f, l","future, myth"
Vela,f,"f, l",future
Virgo,m,"f, l",future
Vivata,f,"f, l",future
Volans,,l,future
Volkova,,l,future
Vulpecula,,l,future
Zelos,m,"f, l","future, myth"
Zephyrus,,l,"future, myth"
Zorya,f,l,future
Acer,m,l,modern
Antilles,,l,modern
Aurora,f,"f, l",modern
Axton,m,"f, l",modern
Azalea,f,l,modern
Bachman,,l,modern
Bancroft,,l,modern
Bayer,m,l,modern
Bishop,m,"f, l",modern
Blackwood,,l,modern
Blaise,m,"f, l",modern
Boden,m,"f, l",modern
Bosco,m,l,modern
Braxton,,l,modern
Bridger,,l,modern
Brooks,,l,modern
Burbeck,,l,modern
Carmichael,,l,modern
Carson,m,"f, l",modern
Carter,m,"f, l",modern
Celeste,f,"f, l",modern
Chapel,,l,modern
Cipriani,,l,modern
Coronado,m,"f, l",modern
Cortez,,l,modern
Dante,m,f,modern
Destiny,f,"f, l",modern
Dodge,m,f,modern
Drake,m,f,modern
Dutch,m,f,modern
Easton,m,f,modern
Elektra,f,"f, l",modern
Ember,f,"f, l",modern
Fiori,,l,modern
Firefly,,l,modern
Forest,m,"f, l",modern
Forester,,l,modern
Fortuna,,l,modern
Fox,m,"f, l",modern
Francisco,,l,modern
Garnet,f,"f, l",modern
Genesis,,l,modern
Halifax,m,l,modern
Juniper,f,f,modern
Keating,,l,modern
Lotus,f,"f, l",modern
Loxley,,l,modern
Magnolia,f,l,modern
Marshall,m,"f, l",modern
Maxim,m,l,modern
Maya,f,"f, l",modern
Mercier,,l,modern
Mercury,,l,modern
Merino,,l,modern
Midnight,f,"f, l",modern
Moritz,,l,modern
Nebula,,l,modern
Odessa,f,"f, l",modern
Phelan,,l,modern
Phoenix,m,"f, l",modern
Quinn,f,"f, l",modern
Quintana,,l,modern
Raven,f,l,modern
Redford,,l,modern
Rhinehart,,l,modern
Rivera,,l,modern
Rivers,,l,modern
Russo,,l,modern
Saint,,l,modern
Sapphire,f,"f, l",modern
Sartre,,l,modern
Saxon,m,"f, l",modern
Sevyn,,l,modern
Shepard,,l,modern
Sierra,f,f,modern
Snowdrop,,l,modern
Sorrentino,,l,modern
Storm,,l,modern
Sunset,,l,modern
Tempest,f,"f, l",modern
Tremaine,,l,modern
Twilight,,"f, l",modern
Valdez,f,l,modern
Valkyrie,,l,modern
Vector,m,l,modern
Vesper,,l,modern
Weaver,,l,modern
Wilde,,l,modern
Winter,f,l,modern
Winters,,l,modern
Wisteria,f,l,modern
Wolfe,,l,modern
Xanthos,,l,modern
Xenia,f,"f, l",modern
Xiomara,,l,modern
Xochitl,,l,modern
Yarrow,,l,modern
Zander,m,"f, l",modern
Zinnia,f,l,modern
Zion,,"f, l",modern
Anansi,f,f,pirate
Anubis,m,f,pirate
Balisong,m,f,pirate
Ballistic,m,f,pirate
Bandit,m,f,pirate
Bandsaw,m,f,pirate
Banzai,m,f,pirate
Barracuda,m,f,pirate
Barreleye,m,f,pirate
Basilisk,m,f,pirate
Batangas,m,f,pirate
Battlecry,m,f,pirate
Beast,m,f,pirate
Bengal,m,f,pirate
Blackjack,m,f,pirate
Blaster,m,f,pirate
Blister,m,f,pirate
Bloodhound,m,f,pirate
Brick,m,f,pirate
Bronco,m,f,pirate
Buckeye,m,f,pirate
Bullfrog,m,f,pirate
Bunyip,m,f,pirate
Calamity,f,f,pirate
Caravel,f,f,pirate
Carbon,f,f,pirate
Cascade,f,f,pirate
Cassowary,f,f,pirate
Catalyst,m,f,pirate
Catastrophe,f,f,pirate
Cerberus,m,f,pirate
Chainsaw,m,f,pirate
Cipher,m,f,pirate
Copperhead,m,f,pirate
Crackshot,m,f,pirate
Deadlock,m,f,pirate
Demon,m,f,pirate
Diablo,m,f,pirate
Dockside,m,f,pirate
Downfall,m,f,pirate
Dread,m,f,pirate
Dusty,f,f,pirate
Dutch,m,f,pirate
Earthquake,m,f,pirate
Epoxy,f,f,pirate
Fafnir,m,f,pirate
Fauchard,m,f,pirate
Firebrand,m,f,pirate
Firehawk,m,f,pirate
Flathead,m,f,pirate
Fortress,m,f,pirate
Foxglove,m,f,pirate
Freakshow,m,f,pirate
Fresca,f,f,pirate
Frontline,m,f,pirate
Furor,m,f,pirate
Fusion,m,f,pirate
Galatea,f,f,pirate
Gambler,m,f,pirate
Gameshow,m,f,pirate
Garuda,m,f,pirate
Gaslight,m,f,pirate
Gator,m,f,pirate
Gearbox,m,f,pirate
Ghost,m,f,pirate
Goldhorn,m,f,pirate
Goosefoot,m,f,pirate
Graceland,m,f,pirate
Gunslinger,m,f,pirate
Halbadier,m,f,pirate
Hardcore,m,f,pirate
Hardlock,m,f,pirate
Hardpoint,m,f,pirate
Hazard,m,f,pirate
Hellburner,m,f,pirate
Hellhound,m,f,pirate
Hellion,m,f,pirate
Hemlock,m,f,pirate
Hipshot,m,f,pirate
Hotspur,m,f,pirate
Hurricane,m,f,pirate
Ironhead,m,f,pirate
Isonade,m,f,pirate
Jackal,m,f,pirate
Jackalope,m,f,pirate
Jackdaw,m,f,pirate
Jackpot,m,f,pirate
Janissary,m,f,pirate
Jasconius,m,f,pirate
Jiangshi,m,f,pirate
Jotun,m,f,pirate
Jubokko,m,f,pirate
Junker,m,f,pirate
Justice,m,f,pirate
Kaiser,m,f,pirate
Karambit,m,f,pirate
Karkinos,m,f,pirate
Kerberos,m,f,pirate
Keresh,m,f,pirate
Kestrel,m,f,pirate
Kevlar,m,f,pirate
Keystone,m,f,pirate
Khepri,f,f,pirate
Khopesh,m,f,pirate
Koschei,m,f,pirate
Laceleaf,m,f,pirate
Lamia,m,f,pirate
Lamplight,m,f,pirate
Landslide,m,f,pirate
Leviathan,m,f,pirate
Lionfish,m,f,pirate
Lockdown,m,f,pirate
Longshadow,m,f,pirate
Longshot,m,f,pirate
Machete,m,f,pirate
Madhat,m,f,pirate
Maestro,m,f,pirate
Magistrate,m,f,pirate
Mandrake,m,f,pirate
Marmoset,m,f,pirate
Maverick,m,f,pirate
Minotaur,m,f,pirate
Moonlight,f,f,pirate
Moosejaw,m,f,pirate
Moxie,f,f,pirate
Mujina,f,f,pirate
Murmillo,m,f,pirate
Mushroom,m,f,pirate
Musket,m,f,pirate
Muskrat,m,f,pirate
Namazu,m,f,pirate
Nekomata,m,f,pirate
Neutron,m,f,pirate
Nightmare,m,f,pirate
Nightshade,m,f,pirate
Nightwatch,m,f,pirate
Nitro,m,f,pirate
Noodle,m,f,pirate
Orchid,m,f,pirate
Osprey,m,f,pirate
Otterhound,m,f,pirate
Ouroboros,m,f,pirate
Outlaw,m,f,pirate
Owlman,m,f,pirate
Packrat,m,f,pirate
Palisade,m,f,pirate
Partisan,m,f,pirate
Peryton,m,f,pirate
Photon,m,f,pirate
Pilgrim,m,f,pirate
Pioneer,m,f,pirate
Pipeline,m,f,pirate
Pistol,m,f,pirate
Plankton,m,f,pirate
Plasma,m,f,pirate
Polecat,m,f,pirate
Prickleback,m,f,pirate
Proxima,m,f,pirate
Psycho,m,f,pirate
Pumpkin,f,f,pirate
Quagmire,m,f,pirate
Rampage,m,f,pirate
Rascal,f,f,pirate
Raven,f,f,pirate
Rawhide,m,f,pirate
Raygun,m,f,pirate
Razorback,m,f,pirate
Rebel,f,f,pirate
Rebound,m,f,pirate
Redcap,m,f,pirate
Renegade,m,f,pirate
Ridgehound,m,f,pirate
Rifle,m,f,pirate
Ripley,f,f,pirate
Ripsaw,m,f,pirate
Riptide,m,f,pirate
Rivet,f,f,pirate
Rooster,m,f,pirate
Sahara,f,f,pirate
Sansibar,m,f,pirate
Sawblade,m,f,pirate
Sawbuck,m,f,pirate
Scarecrow,m,f,pirate
Screwloose,m,f,pirate
Searchlight,m,f,pirate
Selket,f,f,pirate
Selkie,f,f,pirate
Seneschal,m,f,pirate
Sentry,m,f,pirate
Shamrock,m,f,pirate
Shockwave,m,f,pirate
Shotgun,m,f,pirate
Shrapnel,m,f,pirate
Siren,f,f,pirate
Snakeroot,m,f,pirate
Snakewood,m,f,pirate
Snapshot,m,f,pirate
Snowbank,m,f,pirate
Solitaire,f,f,pirate
Sombrero,m,f,pirate
Spaniel,m,f,pirate
Spitfire,m,f,pirate
Starbird,f,f,pirate
Taiaha,m,f,pirate
Takoba,m,f,pirate
Tanuki,m,f,pirate
Teflon,m,f,pirate
Trident,m,f,pirate
Trouble,m,f,pirate
Vagrant,m,f,pirate
Valkyrie,f,f,pirate
Vandal,m,f,pirate
Venture,m,f,pirate
Vespid,m,f,pirate
Vixen,f,f,pirate
Voltage,m,f,pirate
Vortex,m,f,pirate
Warbird,m,f,pirate
Warlord,m,f,pirate
Warmaster,m,f,pirate
Warpath,m,f,pirate
Wendigo,m,f,pirate
Whiskey,m,f,pirate
Wyvern,m,f,pirate
Zephyr,m,f,pirate
Abington,,l,"old english, modern"
Ackerley,,l,"old english, modern"
Adderley,,l,"old english, modern"
Ailsworth,,l,"old english, modern"
Akridge,,l,"old english, modern"
Aldersey,,l,"old english, modern"
Aldridge,,l,"old english, modern"
Anderton,,l,"old english, modern"
Ashcroft,,l,"old english, modern"
Ashworth,,l,"old english, modern"
Aspinwall,,l,"old english, modern"
Balderstone,,l,"old english, modern"
Bancroft,,l,"old english, modern"
Barcroft,,l,"old english, modern"
Barnhill,,l,"old english, modern"
Barnsdale,,l,"old english, modern"
Barnsley,,l,"old english, modern"
Bassford,,l,"old english, modern"
Baverstock,,l,"old english, modern"
Baxenden,,l,"old english, modern"
Beardwood,,l,"old english, modern"
Beckford,,l,"old english, modern"
Beeching,,l,"old english, modern"
Belfrage,,l,"old english, modern"
Benefield,,l,"old english, modern"
Binstead,,l,"old english, modern"
Birchley,,l,"old english, modern"
Birdwell,,l,"old english, modern"
Birkenshaw,,l,"old english, modern"
Blackmore,,l,"old english, modern"
Blackwood,,l,"old english, modern"
Blatchford,,l,"old english, modern"
Blaxhall,,l,"old english, modern"
Blofield,,l,"old english, modern"
Bloodworth,,l,"old english, modern"
Boughton,,l,"old english, modern"
Brailsford,,l,"old english, modern"
Bramhall,,l,"old english, modern"
Brearton,,l,"old english, modern"
Brereton,,l,"old english, modern"
Brookfield,,l,"old english, modern"
Brownlee,,l,"old english, modern"
Brundall,,l,"old english, modern"
Brundish,,l,"old english, modern"
Bucknell,,l,"old english, modern"
Bulbrook,,l,"old english, modern"
Bulkeley,,l,"old english, modern"
Burchett,,l,"old english, modern"
Burchfield,,l,"old english, modern"
Calderbrook,,l,"old english, modern"
Calderwood,,l,"old english, modern"
Caldwell,,l,"old english, modern"
Cartledge,,l,"old english, modern"
Cawthorne,,l,"old english, modern"
Chalkley,,l,"old english, modern"
Chetwode,,l,"old english, modern"
Childrey,,l,"old english, modern"
Claridge,,l,"old english, modern"
Claycomb,,l,"old english, modern"
Crawford,,l,"old english, modern"
Crompton,,l,"old english, modern"
Culverwell,,l,"old english, modern"
Darlington,,l,"old english, modern"
Darrington,,l,"old english, modern"
Davenport,,l,"old english, modern"
Dewhurst,,l,"old english, modern"
Edgecomb,,l,"old english, modern"
Elsworth,,l,"old english, modern"
Emsworth,,l,"old english, modern"
Eveleigh,,l,"old english, modern"
Everleigh,,l,"old english, modern"
Farraway,,l,"old english, modern"
Foxton,,l,"old english, modern"
Foxworthy,,l,"old english, modern"
Frampton,,l,"old english, modern"
Garswood,,l,"old english, modern"
Greenlee,,l,"old english, modern"
Gunstone,,l,"old english, modern"
Hamerton,,l,"old english, modern"
Hannington,,l,"old english, modern"
Hardwick,,l,"old english, modern"
Hargrave,,l,"old english, modern"
Hartshorne,,l,"old english, modern"
Haselden,,l,"old english, modern"
Hayhurst,,l,"old english, modern"
Hazelton,,l,"old english, modern"
Hepworth,,l,"old english, modern"
Herridge,,l,"old english, modern"
Holbrook,,l,"old english, modern"
Honeybourne,,l,"old english, modern"
Huxtable,,l,"old english, modern"
Kempston,,l,"old english, modern"
Kirkwood,,l,"old english, modern"
Langdown,,l,"old english, modern"
Langford,,l,"old english, modern"
Lansdown,,l,"old english, modern"
Lansford,,l,"old english, modern"
Larcombe,,l,"old english, modern"
Leverton,,l,"old english, modern"
Leworthy,,l,"old english, modern"
Lightbourne,,l,"old english, modern"
Linscott,,l,"old english, modern"
Lockwood,,l,"old english, modern"
Maplebeck,,l,"old english, modern"
Melhuish,,l,"old english, modern"
Narramore,,l,"old english, modern"
Norgrove,,l,"old english, modern"
Northall,,l,"old english, modern"
Ormiston,,l,"old english, modern"
Osterley,,l,"old english, modern"
Otterburn,,l,"old english, modern"
Ovington,,l,"old english, modern"
Oxenbridge,,l,"old english, modern"
Packwood,,l,"old english, modern"
Pakenham,,l,"old english, modern"
Plympton,,l,"old english, modern"
Presland,,l,"old english, modern"
Rainford,,l,"old english, modern"
Ravenscroft,,l,"old english, modern"
Reddington,,l,"old english, modern"
Redfield,,l,"old english, modern"
Redgrave,,l,"old english, modern"
Redpath,,l,"old english, modern"
Rishworth,,l,"old english, modern"
Roxburgh,,l,"old english, modern"
Ryland,,l,"old english, modern"
Sanderford,,l,"old english, modern"
Seabrook,,l,"old english, modern"
Shadwell,,l,"old english, modern"
Shapcott,,l,"old english, modern"
Shefford,,l,"old english, modern"
Shuttleworth,,l,"old english, modern"
Silverthorn,,l,"old english, modern"
Stafford,,l,"old english, modern"
Stanmore,,l,"old english, modern"
Stickney,,l,"old english, modern"
Stockley,,l,"old english, modern"
Stockton,,l,"old english, modern"
Stukeley,,l,"old english, modern"
Thistleton,,l,"old english, modern"
Thornley,,l,"old english, modern"
Tunstall,,l,"old english, modern"
Unsworth,,l,"old english, modern"
Wakeford,,l,"old english, modern"
Wedgwood,,l,"old english, modern"
Westhead,,l,"old english, modern"
Wheatley,,l,"old english, modern"
Whitelaw,,l,"old english, modern"
Woodford,,l,"old english, modern"
Woodlock,,l,"old english, modern"
Abajobir,,l,"african, world"
Abanda,,l,"african, world"
Aberra,,l,"african, world"
Achilleos,,l,"greek, world"
Adachihara,,l,"japanese, world"
Adoboli,,l,"african, world"
Agarzaev,,l,"slavic, world"
Agbaji,,l,"african, world"
Ahamada,,l,"african, world"
Aholou,,l,"african, world"
Aineska,,l,"slavic, world"
Ajibola,,l,"african, world"
Akarsu,,l,"turkish, world"
Akbaba,,l,"turkish, world"
Akbulut,,l,"turkish, world"
Akdemir,,l,"turkish, world"
Akkaya,,l,"turkish, world"
Akkoyun,,l,"turkish, world"
Aktuna,,l,"turkish, world"
Alabora,,l,"turkish, world"
Albayrak,,l,"turkish, world"
Aldemir,,l,"turkish, world"
Alderfer,,l,"german, world"
Alexakis,,l,"greek, world"
Alexiadis,,l,"greek, world"
Alexoudis,,l,"greek, world"
Alpman,,l,"turkish, world"
Alptekin,,l,"turkish, world"
Altunoluk,,l,"turkish, world"
Amacher,,l,"german, world"
Amelunxen,,l,"german, world"
Amenomori,,l,"japanese, world"
Anastos,,l,"greek, world"
Andreadis,,l,"greek, world"
Andreou,,l,"greek, world"
Andritsos,,l,"greek, world"
Andronic,,l,"slavic, world"
Angelakos,,l,"greek, world"
Angelidis,,l,"greek, world"
Angelidou,,l,"greek, world"
Anosike,,l,"african, world"
Antonakis,,l,"greek, world"
Antoniou,,l,"greek, world"
Antonov,,l,"slavic, world"
Apostolou,,l,"greek, world"
Ardouin,,l,"french, world"
Aregawi,,l,"african, world"
Argyros,,l,"greek, world"
Arseneau,,l,"french, world"
Arsenis,,l,"greek, world"
Arsenyev,,l,"slavic, world"
Arseven,,l,"turkish, world"
Arslan,,l,"turkish, world"
Aschauer,,l,"german, world"
Atakan,,l,"turkish, world"
Atalar,,l,"turkish, world"
Atalay,,l,"turkish, world"
Ataseven,,l,"turkish, world"
Athineos,,l,"greek, world"
Audebert,,l,"french, world"
Auguste,,l,"french, world"
Avenarius,,l,"german, world"
Averoff,,l,"greek, world"
Avramidis,,l,"greek, world"
Axiotis,,l,"greek, world"
Aytekin,,l,"turkish, world"
Azinger,,l,"german, world"
Babacan,,l,"turkish, world"
Babault,,l,"french, world"
Bachelet,,l,"french, world"
Bakaluba,,l,"african, world"
Bakirtzis,,l,"greek, world"
Bakkal,,l,"turkish, world"
Balaban,,l,"slavic, world"
Balbay,,l,"turkish, world"
Balcan,,l,"turkish, world"
Balkenhol,,l,"german, world"
Balland,,l,"french, world"
Balmont,,l,"slavic, world"
Bareuther,,l,"german, world"
Barhoumi,,l,"african, world"
Barrault,,l,"french, world"
Barrere,,l,"french, world"
Barthet,,l,"french, world"
Barthold,,l,"slavic, world"
Baruti,,l,"african, world"
Basanets,,l,"slavic, world"
Baschet,,l,"french, world"
Bathelt,,l,"german, world"
Bauchau,,l,"french, world"
Baumanis,,l,"german, world"
Baykara,,l,"turkish, world"
Bazaine,,l,"french, world"
Beausire,,l,"french, world"
Beauvau,,l,"french, world"
Bechard,,l,"french, world"
Bechler,,l,"german, world"
Beckamp,,l,"german, world"
Behnken,,l,"german, world"
Belevonis,,l,"greek, world"
Belhomme,,l,"french, world"
Belkina,,l,"slavic, world"
Bengrina,,l,"african, world"
Beregova,,l,"slavic, world"
Bergauz,,l,"slavic, world"
Berker,,l,"turkish, world"
Bernier,,l,"french, world"
Bescond,,l,"french, world"
Bessette,,l,"french, world"
Biernacki,,l,"slavic, world"
Bilgili,,l,"turkish, world"
Bilgin,,l,"turkish, world"
Bilici,,l,"turkish, world"
Bingaman,,l,"german, world"
Birdal,,l,"turkish, world"
Birkan,,l,"turkish, world"
Birsen,,l,"turkish, world"
Bittner,,l,"german, world"
Blayvas,,l,"slavic, world"
Bluemel,,l,"german, world"
Bockarie,,l,"african, world"
Bogatsch,,l,"slavic, world"
Bogoraz,,l,"slavic, world"
Boisson,,l,"french, world"
Boldman,,l,"german, world"
Booysen,,l,"german, world"
Borisov,,l,"slavic, world"
Borisovna,,l,"slavic, world"
Borodin,,l,"slavic, world"
Boskovsky,,l,"slavic, world"
Bossard,,l,"french, world"
Botsaris,,l,"greek, world"
Bouchard,,l,"french, world"
Boulaid,,l,"african, world"
Boumal,,l,"african, world"
Bourcier,,l,"french, world"
Bozkurt,,l,"turkish, world"
Boztepe,,l,"turkish, world"
Bracher,,l,"german, world"
Brauneis,,l,"german, world"
Bregeon,,l,"french, world"
Brehmer,,l,"german, world"
Briegel,,l,"german, world"
Brochard,,l,"french, world"
Brosseau,,l,"french, world"
Brougher,,l,"german, world"
Brouzet,,l,"french, world"
Brunelle,,l,"french, world"
Buckwitz,,l,"german, world"
Bukarski,,l,"slavic, world"
Bukenya,,l,"african, world"
Bukharin,,l,"slavic, world"
Bulgakov,,l,"slavic, world"
Bulganin,,l,"slavic, world"
Bulgarin,,l,"slavic, world"
Burakova,,l,"slavic, world"
Burghart,,l,"german, world"
Byelikova,,l,"slavic, world"
Calathes,,l,"greek, world"
Calmels,,l,"french, world"
Candan,,l,"turkish, world"
Candelon,,l,"french, world"
Candemir,,l,"turkish, world"
Carpzov,,l,"slavic, world"
Cazenave,,l,"french, world"
Cengiz,,l,"turkish, world"
Cevahir,,l,"turkish, world"
Cevdet,,l,"turkish, world"
Ceylan,,l,"turkish, world"
Chabangu,,l,"african, world"
Chalkias,,l,"greek, world"
Chalonge,,l,"french, world"
Chappuis,,l,"french, world"
Charton,,l,"french, world"
Chaulet,,l,"french, world"
Cherifi,,l,"african, world"
Chernov,,l,"slavic, world"
Chesnais,,l,"french, world"
Chesney,,l,"french, world"
Chikanari,,l,"japanese, world"
Chikudate,,l,"japanese, world"
Chiweshe,,l,"african, world"
Chladek,,l,"slavic, world"
Choffard,,l,"french, world"
Cholevas,,l,"greek, world"
Christou,,l,"greek, world"
Cirillo,,l,"greek, world"
Cocteau,,l,"french, world"
Colliot,,l,"french, world"
Conteh,,l,"african, world"
Coriton,,l,"french, world"
Coudray,,l,"french, world"
Cousteau,,l,"french, world"
Coutard,,l,"french, world"
Coutelle,,l,"french, world"
Couttet,,l,"french, world"
Couvreur,,l,"french, world"
Crouzet,,l,"french, world"
Cybulka,,l,"slavic, world"
Dabengwa,,l,"african, world"
Dadakina,,l,"slavic, world"
Dadashev,,l,"slavic, world"
Dalidakis,,l,"greek, world"
Dalman,,l,"turkish, world"
Dangeard,,l,"french, world"
Daramy,,l,"african, world"
Darricau,,l,"french, world"
Dauchez,,l,"french, world"
Daucourt,,l,"french, world"
Dauda,,l,"african, world"
Davidzon,,l,"slavic, world"
Ddumba,,l,"african, world"
Degefa,,l,"african, world"
Deguara,,l,"german, world"
Deibert,,l,"german, world"
Delannoy,,l,"french, world"
Delecour,,l,"french, world"
Delfosse,,l,"french, world"
Delsarte,,l,"french, world"
Demeksa,,l,"african, world"
Demidov,,l,"slavic, world"
Demirel,,l,"turkish, world"
Demirkan,,l,"turkish, world"
Dengiz,,l,"turkish, world"
Deniaud,,l,"french, world"
Denizci,,l,"turkish, world"
Denkel,,l,"turkish, world"
Derici,,l,"turkish, world"
Derocles,,l,"french, world"
Descours,,l,"french, world"
Despres,,l,"french, world"
Desvaux,,l,"french, world"
Detweiler,,l,"german, world"
Devergie,,l,"french, world"
Diamandis,,l,"greek, world"
Dickert,,l,"german, world"
Dilaver,,l,"turkish, world"
Dimakos,,l,"greek, world"
Dimitriou,,l,"greek, world"
Dobayashi,,l,"japanese, world"
Domoraud,,l,"african, world"
Dousmanis,,l,"greek, world"
Doxiadis,,l,"greek, world"
Dragoumis,,l,"greek, world"
Drezner,,l,"german, world"
Driwaru,,l,"african, world"
Dubinsky,,l,"slavic, world"
Duchenko,,l,"slavic, world"
Ducuing,,l,"french, world"
Dumesnil,,l,"french, world"
Dunoyer,,l,"french, world"
Durmaz,,l,"turkish, world"
Durnovo,,l,"slavic, world"
Dursun,,l,"turkish, world"
Dvorkin,,l,"slavic, world"
Dychtwald,,l,"german, world"
Ecevit,,l,"turkish, world"
Ecochard,,l,"french, world"
Einloft,,l,"german, world"
Ekanem,,l,"african, world"
Ekinci,,l,"turkish, world"
Embiid,,l,"african, world"
Engola,,l,"african, world"
Enneking,,l,"german, world"
Erbakan,,l,"turkish, world"
Erduran,,l,"turkish, world"
Erkmen,,l,"turkish, world"
Erpelding,,l,"german, world"
Falkbeer,,l,"german, world"
Faltings,,l,"german, world"
Faruki,,l,"turkish, world"
Faucher,,l,"french, world"
Federmann,,l,"german, world"
Fedoruk,,l,"slavic, world"
Feickert,,l,"german, world"
Figuier,,l,"french, world"
Fitzinger,,l,"german, world"
Flament,,l,"french, world"
Flandin,,l,"french, world"
Flandrin,,l,"french, world"
Florakis,,l,"greek, world"
Fotakis,,l,"greek, world"
Fotilas,,l,"greek, world"
Fountas,,l,"greek, world"
Fournier,,l,"french, world"
Frachon,,l,"french, world"
Fragkos,,l,"greek, world"
Fresneau,,l,"french, world"
Froberger,,l,"german, world"
Froment,,l,"french, world"
Frowein,,l,"german, world"
Fuchigami,,l,"japanese, world"
Fuchizaki,,l,"japanese, world"
Fukumitsu,,l,"japanese, world"
Furtick,,l,"german, world"
Furushima,,l,"japanese, world"
Fyodorov,,l,"slavic, world"
Gabuza,,l,"african, world"
Galanis,,l,"greek, world"
Gantner,,l,"german, world"
Gardent,,l,"french, world"
Garouste,,l,"french, world"
Gartman,,l,"german, world"
Gayrard,,l,"french, world"
Georgatos,,l,"greek, world"
Georgatou,,l,"greek, world"
Georgiou,,l,"greek, world"
Germanov,,l,"slavic, world"
Gettinger,,l,"german, world"
Gidudu,,l,"african, world"
Gingras,,l,"french, world"
Girault,,l,"french, world"
Gizaro,,l,"african, world"
Gizenga,,l,"african, world"
Gloeckner,,l,"german, world"
Gobodo,,l,"african, world"
Godzuik,,l,"slavic, world"
Goertzen,,l,"german, world"
Goetzman,,l,"german, world"
Gokhler,,l,"slavic, world"
Golitsyn,,l,"slavic, world"
Golovin,,l,"slavic, world"
Golovkin,,l,"slavic, world"
Gotzman,,l,"german, world"
Gotzmann,,l,"german, world"
Gounaris,,l,"greek, world"
Gounelle,,l,"french, world"
Goyette,,l,"french, world"
Gravier,,l,"french, world"
Grelier,,l,"french, world"
Grether,,l,"german, world"
Greulich,,l,"german, world"
Grignard,,l,"french, world"
Grisart,,l,"french, world"
Grishina,,l,"slavic, world"
Grynaeus,,l,"german, world"
Gudeta,,l,"african, world"
Gulden,,l,"turkish, world"
Gwisdek,,l,"german, world"
Hachisuka,,l,"japanese, world"
Haillet,,l,"french, world"
Hamaguchi,,l,"japanese, world"
Hammerer,,l,"german, world"
Handrich,,l,"german, world"
Handrick,,l,"german, world"
Haseloff,,l,"german, world"
Hashiguchi,,l,"japanese, world"
Hashimura,,l,"japanese, world"
Hashiuchi,,l,"japanese, world"
Hashizume,,l,"japanese, world"
Hatendi,,l,"african, world"
Haudepin,,l,"french, world"
Hayatou,,l,"african, world"
Hayrettin,,l,"turkish, world"
Heimlich,,l,"german, world"
Heinsius,,l,"german, world"
Helmchen,,l,"german, world"
Hentschel,,l,"german, world"
Higashida,,l,"japanese, world"
Higashide,,l,"japanese, world"
Higashioka,,l,"japanese, world"
Hikmet,,l,"turkish, world"
Hirashima,,l,"japanese, world"
Hisamatsu,,l,"japanese, world"
Hodoshima,,l,"japanese, world"
Homolka,,l,"slavic, world"
Hondros,,l,"greek, world"
Horrent,,l,"french, world"
Horstman,,l,"german, world"
Hoshikawa,,l,"japanese, world"
Hosoyamada,,l,"japanese, world"
Houplain,,l,"french, world"
Huppertz,,l,"german, world"
Hussein,,l,"turkish, world"
Huwyler,,l,"german, world"
Ichihashi,,l,"japanese, world"
Ichiyanagi,,l,"japanese, world"
Ikeyamada,,l,"japanese, world"
Indongo,,l,"african, world"
Ioannou,,l,"greek, world"
Irimajiri,,l,"japanese, world"
Ishigooka,,l,"japanese, world"
Izumitani,,l,"japanese, world"
Jalowetz,,l,"slavic, world"
Janowitz,,l,"slavic, world"
Jastram,,l,"slavic, world"
Jauffret,,l,"french, world"
Jawara,,l,"african, world"
Jeannet,,l,"french, world"
Jeannin,,l,"french, world"
Jelinek,,l,"slavic, world"
Jerdeva,,l,"slavic, world"
Johannot,,l,"french, world"
Jolibois,,l,"french, world"
Joppich,,l,"german, world"
Jullien,,l,"french, world"
Kabashima,,l,"japanese, world"
Kabbah,,l,"african, world"
Kabelo,,l,"african, world"
Kafatos,,l,"greek, world"
Kahraman,,l,"turkish, world"
Kahveci,,l,"turkish, world"
Kakehashi,,l,"japanese, world"
Kakishita,,l,"japanese, world"
Kalogeras,,l,"greek, world"
Kamara,,l,"african, world"
Kamaras,,l,"greek, world"
Kambanda,,l,"african, world"
Kambayashi,,l,"japanese, world"
Kamitanida,,l,"japanese, world"
Kamitsubo,,l,"japanese, world"
Kamotsky,,l,"slavic, world"
Kamwendo,,l,"african, world"
Kanakaris,,l,"greek, world"
Kanematsu,,l,"japanese, world"
Kanemitsu,,l,"japanese, world"
Kanetsuki,,l,"japanese, world"
Kanevsky,,l,"slavic, world"
Kaptan,,l,"turkish, world"
Karabulut,,l,"turkish, world"
Karaca,,l,"turkish, world"
Karacan,,l,"turkish, world"
Karadeniz,,l,"turkish, world"
Karadere,,l,"turkish, world"
Karaduman,,l,"turkish, world"
Karahan,,l,"turkish, world"
Karahashi,,l,"japanese, world"
Karalis,,l,"greek, world"
Karaliuk,,l,"slavic, world"
Karasu,,l,"turkish, world"
Karatay,,l,"turkish, world"
Karavitis,,l,"greek, world"
Karefa,,l,"african, world"
Karimou,,l,"african, world"
Karstens,,l,"german, world"
Kaseke,,l,"african, world"
Kashibuchi,,l,"japanese, world"
Kasirye,,l,"african, world"
Katabuchi,,l,"japanese, world"
Katrakis,,l,"greek, world"
Katsumoto,,l,"japanese, world"
Katsunuma,,l,"japanese, world"
Katsurada,,l,"japanese, world"
Katsuragi,,l,"japanese, world"
Kavvadias,,l,"greek, world"
Kawakatsu,,l,"japanese, world"
Kawanishi,,l,"japanese, world"
Kaygusuz,,l,"turkish, world"
Kaynarca,,l,"turkish, world"
Kayondo,,l,"african, world"
Kayyali,,l,"turkish, world"
Kazazis,,l,"greek, world"
Kekilli,,l,"turkish, world"
Kentner,,l,"german, world"
Kerameus,,l,"greek, world"
Keranov,,l,"slavic, world"
Khaimov,,l,"slavic, world"
Khaznadar,,l,"turkish, world"
Kibayashi,,l,"japanese, world"
Kibirige,,l,"african, world"
Kimmich,,l,"german, world"
Kinali,,l,"turkish, world"
Kinoshita,,l,"japanese, world"
Kirdar,,l,"turkish, world"
Kirunda,,l,"african, world"
Kisekka,,l,"african, world"
Kitabeppu,,l,"japanese, world"
Kitenge,,l,"african, world"
Kiyeng,,l,"african, world"
Klaiber,,l,"german, world"
Klausing,,l,"german, world"
Kleeberg,,l,"german, world"
Klippert,,l,"german, world"
Knipper,,l,"german, world"
Knuppel,,l,"german, world"
Kocaman,,l,"turkish, world"
Koetter,,l,"german, world"
Kokkoris,,l,"greek, world"
Kokolakis,,l,"greek, world"
Kolarov,,l,"slavic, world"
Kolettis,,l,"greek, world"
Kollmann,,l,"german, world"
Kondylis,,l,"greek, world"
Korkmaz,,l,"turkish, world"
Koroma,,l,"african, world"
Korsakov,,l,"slavic, world"
Koshikawa,,l,"japanese, world"
Kostakis,,l,"greek, world"
Kostakos,,l,"greek, world"
Kosygin,,l,"slavic, world"
Kotwicz,,l,"slavic, world"
Kourakis,,l,"greek, world"
Koutsis,,l,"greek, world"
Kovalsky,,l,"slavic, world"
Koyamatsu,,l,"japanese, world"
Koyuncu,,l,"turkish, world"
Krasnova,,l,"slavic, world"
Kreiser,,l,"german, world"
Kriezis,,l,"greek, world"
Kruhlak,,l,"slavic, world"
Kruskal,,l,"slavic, world"
Kubilay,,l,"turkish, world"
Kudelin,,l,"slavic, world"
Kuether,,l,"german, world"
Kunishige,,l,"japanese, world"
Kuniyoshi,,l,"japanese, world"
Kunter,,l,"turkish, world"
Kuptsov,,l,"slavic, world"
Kurishima,,l,"japanese, world"
Kuroshima,,l,"japanese, world"
Kuroyanagi,,l,"japanese, world"
Kurtar,,l,"turkish, world"
Kuyateh,,l,"african, world"
Kuzmenko,,l,"slavic, world"
Kyprianou,,l,"greek, world"
Kyrgios,,l,"greek, world"
Kyriakou,,l,"greek, world"
Kyriazis,,l,"greek, world"
Laboso,,l,"african, world"
Lachgar,,l,"african, world"
Lambrou,,l,"greek, world"
Laouali,,l,"african, world"
Lassissi,,l,"african, world"
Leandros,,l,"greek, world"
Lemoine,,l,"french, world"
Leventis,,l,"greek, world"
Levetzow,,l,"german, world"
Levitsky,,l,"slavic, world"
Liebler,,l,"german, world"
Liepert,,l,"german, world"
Litauer,,l,"slavic, world"
Litvinov,,l,"slavic, world"
Liveris,,l,"greek, world"
Loiseau,,l,"french, world"
Lopatin,,l,"slavic, world"
Lorieux,,l,"french, world"
Louganis,,l,"greek, world"
Lubecke,,l,"german, world"
Ludeman,,l,"german, world"
Lumbala,,l,"african, world"
Lussier,,l,"french, world"
Luthuli,,l,"african, world"
Luzzatto,,l,"german, world"
Mabaya,,l,"african, world"
Mabille,,l,"french, world"
Machamer,,l,"german, world"
Macrides,,l,"greek, world"
Madida,,l,"african, world"
Maganda,,l,"african, world"
Magnier,,l,"french, world"
Mahama,,l,"african, world"
Maignan,,l,"french, world"
Maingon,,l,"french, world"
Majoro,,l,"african, world"
Makonda,,l,"african, world"
Makoun,,l,"african, world"
Makubuya,,l,"african, world"
Makuto,,l,"african, world"
Malamas,,l,"greek, world"
Malecela,,l,"african, world"
Malenkov,,l,"slavic, world"
Mamani,,l,"african, world"
Mandley,,l,"german, world"
Manetas,,l,"greek, world"
Manolas,,l,"greek, world"
Manousos,,l,"greek, world"
Mantalos,,l,"greek, world"
Mantashe,,l,"african, world"
Mantzaris,,l,"greek, world"
Manuwa,,l,"african, world"
Marabe,,l,"african, world"
Maraoui,,l,"french, world"
Marchand,,l,"french, world"
Marcourt,,l,"french, world"
Margolin,,l,"slavic, world"
Marinakis,,l,"greek, world"
Marinov,,l,"slavic, world"
Markakis,,l,"greek, world"
Markides,,l,"greek, world"
Marshak,,l,"german, world"
Marshak,,l,"slavic, world"
Marusarz,,l,"slavic, world"
Masango,,l,"african, world"
Massengo,,l,"african, world"
Matayoshi,,l,"japanese, world"
Matraxia,,l,"greek, world"
Matsakis,,l,"greek, world"
Matsoukas,,l,"greek, world"
Matsuhisa,,l,"japanese, world"
Matsukawa,,l,"japanese, world"
Matsumiya,,l,"japanese, world"
Matsunaga,,l,"japanese, world"
Matsushita,,l,"japanese, world"
Matsutani,,l,"japanese, world"
Matsutomo,,l,"japanese, world"
Matsuzaka,,l,"japanese, world"
Matteau,,l,"french, world"
Matthieu,,l,"french, world"
Mavridis,,l,"greek, world"
Mavroudis,,l,"greek, world"
Maxence,,l,"french, world"
Mazursky,,l,"slavic, world"
Mbarga,,l,"african, world"
McGluwa,,l,"african, world"
Medvedev,,l,"slavic, world"
Megersa,,l,"african, world"
Mehmed,,l,"turkish, world"
Melchers,,l,"german, world"
Memmich,,l,"african, world"
Menderes,,l,"turkish, world"
Mendler,,l,"german, world"
Mendy,,l,"african, world"
Mercan,,l,"turkish, world"
Mezgebu,,l,"african, world"
Mgimwa,,l,"african, world"
Miaoulis,,l,"greek, world"
Michalos,,l,"greek, world"
Michihara,,l,"japanese, world"
Miersch,,l,"german, world"
Miltchev,,l,"slavic, world"
Minegishi,,l,"japanese, world"
Mineshima,,l,"japanese, world"
Mitsuhashi,,l,"japanese, world"
Mitsunari,,l,"japanese, world"
Mitsuyoshi,,l,"japanese, world"
Mizushima,,l,"japanese, world"
Mnguni,,l,"african, world"
Mochizuki,,l,"japanese, world"
Mogaji,,l,"african, world"
Molotov,,l,"slavic, world"
Molyneux,,l,"french, world"
Monnier,,l,"french, world"
Montjane,,l,"african, world"
Moriceau,,l,"french, world"
Morihashi,,l,"japanese, world"
Morishima,,l,"japanese, world"
Morishita,,l,"japanese, world"
Moritsugu,,l,"japanese, world"
Morohoshi,,l,"japanese, world"
Morozov,,l,"slavic, world"
Moschkau,,l,"german, world"
Motaung,,l,"african, world"
Motobuchi,,l,"japanese, world"
Motohashi,,l,"japanese, world"
Motoshima,,l,"japanese, world"
Mpenza,,l,"african, world"
Mugabi,,l,"african, world"
Muhiddin,,l,"turkish, world"
Muhtar,,l,"turkish, world"
Mujuru,,l,"african, world"
Muliro,,l,"african, world"
Mulwana,,l,"african, world"
Mundele,,l,"african, world"
Mungan,,l,"turkish, world"
Munganga,,l,"african, world"
Muntari,,l,"african, world"
Muramatsu,,l,"japanese, world"
Murofushi,,l,"japanese, world"
Mushimba,,l,"african, world"
Musisi,,l,"african, world"
Muskwe,,l,"african, world"
Mustafa,,l,"turkish, world"
Mutanga,,l,"african, world"
Mutungi,,l,"african, world"
Muvuni,,l,"african, world"
Muyumba,,l,"african, world"
Mwenda,,l,"african, world"
Myhovych,,l,"slavic, world"
Mylonas,,l,"greek, world"
Mzimela,,l,"african, world"
Nagabuchi,,l,"japanese, world"
Nageotte,,l,"french, world"
Nahirni,,l,"slavic, world"
Nakagaichi,,l,"japanese, world"
Nakanishi,,l,"japanese, world"
Nakashima,,l,"japanese, world"
Nakatsuka,,l,"japanese, world"
Narimatsu,,l,"japanese, world"
Nashimoto,,l,"japanese, world"
Natsukawa,,l,"japanese, world"
Ndaitwah,,l,"african, world"
Ndongo,,l,"african, world"
Neander,,l,"german, world"
Nehammer,,l,"german, world"
Nerantzis,,l,"greek, world"
Nevrakis,,l,"greek, world"
Ngalula,,l,"african, world"
Nguesso,,l,"african, world"
Nguni,,l,"african, world"
Niehaus,,l,"german, world"
Nikolaou,,l,"greek, world"
Nishizaki,,l,"japanese, world"
Nishizawa,,l,"japanese, world"
Nizigama,,l,"african, world"
Nkoana,,l,"african, world"
Noshitani,,l,"japanese, world"
Novikov,,l,"slavic, world"
Nxasana,,l,"african, world"
Nyembezi,,l,"african, world"
Nyombi,,l,"african, world"
Nzeribe,,l,"african, world"
Obama,,l,"african, world"
Obiozor,,l,"african, world"
Ocansey,,l,"african, world"
Odogwu,,l,"african, world"
Oduncu,,l,"turkish, world"
Oikonomou,,l,"greek, world"
Okabayashi,,l,"japanese, world"
Olumide,,l,"african, world"
Omotehara,,l,"japanese, world"
Onaral,,l,"turkish, world"
Ondimba,,l,"african, world"
Ongwae,,l,"african, world"
Onwurah,,l,"african, world"
Orakpo,,l,"african, world"
Orfanidis,,l,"greek, world"
Orologas,,l,"greek, world"
Osuigwe,,l,"african, world"
Oyadomari,,l,"japanese, world"
Panafieu,,l,"french, world"
Panagakos,,l,"greek, world"
Pantazis,,l,"greek, world"
Papadakis,,l,"greek, world"
Papadatos,,l,"greek, world"
Papajohn,,l,"greek, world"
Papoulias,,l,"greek, world"
Papoutsis,,l,"greek, world"
Paraschos,,l,"greek, world"
Parlak,,l,"turkish, world"
Pavlidou,,l,"greek, world"
Pavlova,,l,"slavic, world"
Pelikan,,l,"slavic, world"
Perlich,,l,"slavic, world"
Perlitch,,l,"slavic, world"
Perreaut,,l,"french, world"
Pertuit,,l,"french, world"
Petimezas,,l,"greek, world"
Petridis,,l,"greek, world"
Philidor,,l,"french, world"
Pierlot,,l,"french, world"
Pillard,,l,"french, world"
Pinchon,,l,"french, world"
Pingeot,,l,"french, world"
Pinoteau,,l,"french, world"
Pittard,,l,"french, world"
Plantier,,l,"french, world"
Podolan,,l,"slavic, world"
Poehler,,l,"german, world"
Poirier,,l,"french, world"
Polonsky,,l,"slavic, world"
Polyakov,,l,"slavic, world"
Popelin,,l,"french, world"
Portier,,l,"french, world"
Poudroux,,l,"french, world"
Poullain,,l,"french, world"
Poyraz,,l,"turkish, world"
Prokesch,,l,"slavic, world"
Puckett,,l,"french, world"
Rabinow,,l,"slavic, world"
Radovich,,l,"slavic, world"
Ragheb,,l,"turkish, world"
Ramadier,,l,"french, world"
Rehbein,,l,"german, world"
Rehfeldt,,l,"german, world"
Reichard,,l,"german, world"
Reindorp,,l,"german, world"
Reinhold,,l,"german, world"
Reinholz,,l,"german, world"
Remzi,,l,"turkish, world"
Renaudin,,l,"french, world"
Renda,,l,"turkish, world"
Renneke,,l,"german, world"
Rettich,,l,"german, world"
Reverdin,,l,"french, world"
Riabovil,,l,"slavic, world"
Rochette,,l,"french, world"
Romanov,,l,"slavic, world"
Rouanet,,l,"french, world"
Roubanis,,l,"greek, world"
Rouphos,,l,"greek, world"
Rubicam,,l,"german, world"
Rukhaylo,,l,"slavic, world"
Rusere,,l,"african, world"
Rusike,,l,"african, world"
Rybachuk,,l,"slavic, world"
Rybakov,,l,"slavic, world"
Ryckman,,l,"german, world"
Sabourin,,l,"french, world"
Sacharov,,l,"slavic, world"
Sadowsky,,l,"slavic, world"
Sakalis,,l,"greek, world"
Sakuramoto,,l,"japanese, world"
Saleeby,,l,"african, world"
Saltik,,l,"turkish, world"
Samaras,,l,"greek, world"
Sancak,,l,"turkish, world"
Sandrock,,l,"german, world"
Sankoh,,l,"african, world"
Sarper,,l,"turkish, world"
Sauckel,,l,"german, world"
Savalas,,l,"greek, world"
Savvides,,l,"greek, world"
Sawamatsu,,l,"japanese, world"
Sayar,,l,"turkish, world"
Saydam,,l,"turkish, world"
Saylan,,l,"turkish, world"
Schemmel,,l,"german, world"
Schieber,,l,"german, world"
Schinas,,l,"greek, world"
Schmehl,,l,"german, world"
Schowtka,,l,"german, world"
Schultz,,l,"german, world"
Seegert,,l,"german, world"
Seehafer,,l,"german, world"
Seekamp,,l,"german, world"
Seevers,,l,"german, world"
Seibold,,l,"german, world"
Semeniuc,,l,"slavic, world"
Semenov,,l,"slavic, world"
Sergen,,l,"turkish, world"
Sergeyev,,l,"slavic, world"
Sertel,,l,"turkish, world"
Sevgi,,l,"turkish, world"
Sevim,,l,"turkish, world"
Seyfi,,l,"turkish, world"
Sezen,,l,"turkish, world"
Sezer,,l,"turkish, world"
Sezgin,,l,"turkish, world"
Shalamov,,l,"slavic, world"
Shenna,,l,"african, world"
Shibakoya,,l,"japanese, world"
Shibasaki,,l,"japanese, world"
Shigehiro,,l,"japanese, world"
Shigematsu,,l,"japanese, world"
Shigemitsu,,l,"japanese, world"
Shigemoto,,l,"japanese, world"
Shikayama,,l,"japanese, world"
Shimakawa,,l,"japanese, world"
Shimamiya,,l,"japanese, world"
Shimamura,,l,"japanese, world"
Shimatani,,l,"japanese, world"
Shimomura,,l,"japanese, world"
Shimotaira,,l,"japanese, world"
Shimotsuki,,l,"japanese, world"
Shimozawa,,l,"japanese, world"
Shinozaki,,l,"japanese, world"
Shirakura,,l,"japanese, world"
Shirasaki,,l,"japanese, world"
Shiratori,,l,"japanese, world"
Shirogane,,l,"japanese, world"
Shiroyama,,l,"japanese, world"
Shishikura,,l,"japanese, world"
Shishiuchi,,l,"japanese, world"
Shuksin,,l,"slavic, world"
Shukuzawa,,l,"japanese, world"
Siakam,,l,"african, world"
Sibanda,,l,"african, world"
Sibrand,,l,"german, world"
Siedler,,l,"german, world"
Siegrist,,l,"german, world"
Sifakis,,l,"greek, world"
Simonot,,l,"french, world"
Simonov,,l,"slavic, world"
Sioridze,,l,"slavic, world"
Sisinis,,l,"greek, world"
Sizani,,l,"african, world"
Skarlatos,,l,"greek, world"
Skartados,,l,"greek, world"
Skarvelis,,l,"greek, world"
Slutskiy,,l,"slavic, world"
Smagula,,l,"slavic, world"
Smaragdis,,l,"greek, world"
Smirnov,,l,"slavic, world"
Smirnova,,l,"slavic, world"
Snitker,,l,"german, world"
Sobolev,,l,"slavic, world"
Sokullu,,l,"turkish, world"
Solak,,l,"turkish, world"
Solanke,,l,"african, world"
Sollman,,l,"german, world"
Solmaz,,l,"turkish, world"
Solodova,,l,"slavic, world"
Soloviev,,l,"slavic, world"
Sorokin,,l,"slavic, world"
Sosniok,,l,"slavic, world"
Soulage,,l,"french, world"
Soyer,,l,"turkish, world"
Soykan,,l,"turkish, world"
Soylu,,l,"turkish, world"
Soysal,,l,"turkish, world"
Spheeris,,l,"greek, world"
Sporel,,l,"turkish, world"
Stamatis,,l,"greek, world"
Stathakis,,l,"greek, world"
Stathis,,l,"greek, world"
Stavrou,,l,"greek, world"
Steeves,,l,"german, world"
Steuber,,l,"german, world"
Sthamer,,l,"german, world"
Stimmel,,l,"german, world"
Stoschek,,l,"german, world"
Stratakis,,l,"greek, world"
Stratigos,,l,"greek, world"
Straton,,l,"greek, world"
Strungk,,l,"german, world"
Sunay,,l,"turkish, world"
Sunter,,l,"turkish, world"
Suphi,,l,"turkish, world"
Suvari,,l,"turkish, world"
Svoboda,,l,"slavic, world"
Takahashi,,l,"japanese, world"
Takashina,,l,"japanese, world"
Takegahara,,l,"japanese, world"
Taketatsu,,l,"japanese, world"
Tanahashi,,l,"japanese, world"
Tansel,,l,"turkish, world"
Tarrasch,,l,"german, world"
Tatsuhara,,l,"japanese, world"
Tatsuyoshi,,l,"japanese, world"
Taugher,,l,"german, world"
Tayfur,,l,"turkish, world"
Taylan,,l,"turkish, world"
Teguramori,,l,"japanese, world"
Telnova,,l,"slavic, world"
Termier,,l,"french, world"
Terzi,,l,"turkish, world"
Tezcan,,l,"turkish, world"
Tezel,,l,"turkish, world"
Theobald,,l,"german, world"
Theodorou,,l,"greek, world"
Thibert,,l,"french, world"
Thieriot,,l,"french, world"
Thieriot,,l,"german, world"
Tichonov,,l,"slavic, world"
Tilbe,,l,"turkish, world"
Tilki,,l,"turkish, world"
Tiryaki,,l,"turkish, world"
Tishler,,l,"german, world"
Tisseur,,l,"french, world"
Tiutchev,,l,"slavic, world"
Tokodi,,l,"african, world"
Tolstoy,,l,"slavic, world"
Tombras,,l,"greek, world"
Toprak,,l,"turkish, world"
Toraman,,l,"turkish, world"
Torbica,,l,"slavic, world"
Tosun,,l,"turkish, world"
Toualy,,l,"african, world"
Tourneur,,l,"french, world"
Trauner,,l,"german, world"
Trichet,,l,"french, world"
Trifonov,,l,"slavic, world"
Trudeau,,l,"french, world"
Tsakiris,,l,"greek, world"
Tsakonas,,l,"greek, world"
Tsekrekos,,l,"greek, world"
Tsitsipas,,l,"greek, world"
Tsuchimoto,,l,"japanese, world"
Tsujimoto,,l,"japanese, world"
Tsukagoshi,,l,"japanese, world"
Tsukamoto,,l,"japanese, world"
Tuchina,,l,"slavic, world"
Tuncel,,l,"turkish, world"
Tuncer,,l,"turkish, world"
Turgut,,l,"turkish, world"
Twerski,,l,"slavic, world"
Ulbricht,,l,"german, world"
Ulmanis,,l,"german, world"
Ulusoy,,l,"turkish, world"
Urushibara,,l,"japanese, world"
Ushinohama,,l,"japanese, world"
Uutoni,,l,"african, world"
Uzunlar,,l,"turkish, world"
Valavanis,,l,"greek, world"
Vannier,,l,"french, world"
Vasileiou,,l,"greek, world"
Vasiliev,,l,"slavic, world"
Vasseur,,l,"french, world"
Vaugeois,,l,"french, world"
Vavilov,,l,"slavic, world"
Venizelos,,l,"greek, world"
Viehoff,,l,"german, world"
Vilkman,,l,"slavic, world"
Vinograd,,l,"slavic, world"
Vlahakis,,l,"greek, world"
Voegeli,,l,"german, world"
Volansky,,l,"slavic, world"
Volikakis,,l,"greek, world"
Volkan,,l,"turkish, world"
Voloshin,,l,"slavic, world"
Voronin,,l,"slavic, world"
Voronov,,l,"slavic, world"
Vorster,,l,"german, world"
Voudouris,,l,"greek, world"
Voulgaris,,l,"greek, world"
Vrettos,,l,"greek, world"
Vural,,l,"turkish, world"
Wacera,,l,"african, world"
Wafula,,l,"african, world"
Wakaizumi,,l,"japanese, world"
Wallraf,,l,"german, world"
Wasinger,,l,"german, world"
Weichert,,l,"german, world"
Weigand,,l,"german, world"
Wessely,,l,"slavic, world"
Wiethoff,,l,"german, world"
Willner,,l,"german, world"
Wittrock,,l,"german, world"
Xydakis,,l,"greek, world"
Yamanishi,,l,"japanese, world"
Yamashina,,l,"japanese, world"
Yamashiro,,l,"japanese, world"
Yanagihara,,l,"japanese, world"
Yankovic,,l,"slavic, world"
Yanoguchi,,l,"japanese, world"
Yasuk≈çchi,,l,"japanese, world"
Yasuraoka,,l,"japanese, world"
Yegorov,,l,"slavic, world"
Yerlikaya,,l,"turkish, world"
Yerlisu,,l,"turkish, world"
Yfantis,,l,"greek, world"
Yoshikuni,,l,"japanese, world"
Yoshimuta,,l,"japanese, world"
Yoshitaka,,l,"japanese, world"
Yoshiyuki,,l,"japanese, world"
Yurdakul,,l,"turkish, world"
Zacharov,,l,"slavic, world"
Zagoritis,,l,"greek, world"
Zakuani,,l,"african, world"
Zalewski,,l,"slavic, world"
Zambo,,l,"african, world"
Zarakolu,,l,"turkish, world"
Zeichner,,l,"german, world"
Zelenkov,,l,"slavic, world"
Zeybek,,l,"turkish, world"
Zhdanov,,l,"slavic, world"
Zhivkov,,l,"slavic, world"
Zhtomir,,l,"slavic, world"
Ziesmer,,l,"german, world"
Zikode,,l,"african, world"
Zimmern,,l,"german, world"
Zinovac,,l,"slavic, world"
Zinoviev,,l,"slavic, world"
Zochonis,,l,"greek, world"
Zografos,,l,"greek, world"
Zorlu,,l,"turkish, world"
Zubairu,,l,"african, world"
Zvasiya,,l,"african, world"
Zworszak,,l,"slavic, world"
Aisultan,m,f,world
Aldiyar,m,f,world
Alejandro,m,f,world
Aleksandre,m,f,world
Alessandro,m,f,world
Alessio,m,f,world
Alexei,m,f,world
Alikhan,m,f,world
Alinur,m,f,world
Alperen,m,f,world
Alvaro,m,f,world
Andras,m,f,world
Andrei,m,f,world
Andrzej,m,f,world
Anikoloz,m,f,world
Antwan,m,f,world
Artjom,m,f,world
Ashton,m,f,world
Atanas,m,f,world
Atharv,m,f,world
August,m,f,world
Aykhan,m,f,world
Aysultan,m,f,world
Bakary,m,f,world
Balazs,m,f,world
Balint,m,f,world
Bandar,m,f,world
Bandile,m,f,world
Banele,m,f,world
Bartosz,m,f,world
Basile,m,f,world
Bastian,m,f,world
Ba–∞tar,m,f,world
Bendeguz,m,f,world
Bertalan,m,f,world
Beshoi,m,f,world
Bishal,m,f,world
Bjarki,m,f,world
Boldizsar,m,f,world
Botond,m,f,world
Brahim,m,f,world
Brajan,m,f,world
Braxton,m,f,world
Bryant,m,f,world
Cathal,m,f,world
Cezary,m,f,world
Cooper,m,f,world
Cormac,m,f,world
Csanad,m,f,world
Cullen,m,f,world
Daithi,m,f,world
Daragh,m,f,world
Daviti,m,f,world
Deandre,m,f,world
Dejuan,m,f,world
Delbert,m,f,world
Demario,m,f,world
Deonte,m,f,world
Dimiter,m,f,world
Djamel,m,f,world
Dmitri,m,f,world
Domenico,m,f,world
Domonkos,m,f,world
Dontae,m,f,world
Dzenan,m,f,world
Efrain,m,f,world
Eliseo,m,f,world
Emerson,m,f,world
Emirhan,m,f,world
Emmanuel,m,f,world
Eoghan,m,f,world
Erasyl,m,f,world
Forrest,m,f,world
Gioele,m,f,world
Giuseppe,m,f,world
Gracjan,m,f,world
Griffin,m,f,world
Haruki,m,f,world
Haruma,m,f,world
Ichika,m,f,world
Iestyn,m,f,world
Isaiah,m,f,world
Isidro,m,f,world
Istvan,m,f,world
Ivajlo,m,f,world
Jabari,m,f,world
Jacopo,m,f,world
Jarrett,m,f,world
Jayden,m,f,world
Jerrell,m,f,world
Jokubas,m,f,world
Josiah,m,f,world
Jozsef,m,f,world
Judson,m,f,world
Justus,m,f,world
Kajetan,m,f,world
Kanata,m,f,world
Kathem,m,f,world
Kayden,m,f,world
Kazimierz,m,f,world
Kilian,m,f,world
Kirollos,m,f,world
Kornel,m,f,world
Kosuke,m,f,world
Krishna,m,f,world
Kristjan,m,f,world
Krisztian,m,f,world
Krystian,m,f,world
Krzysztof,m,f,world
Laurits,m,f,world
Lennox,m,f,world
Lethabo,m,f,world
Levente,m,f,world
Lorcan,m,f,world
Lourenco,m,f,world
Lukasz,m,f,world
Mahesh,m,f,world
Mahmoud,m,f,world
Maksim,m,f,world
Maksims,m,f,world
Malthe,m,f,world
Mamadou,m,f,world
Manaaki,m,f,world
Manaia,m,f,world
Manato,m,f,world
Manuel,m,f,world
Marama,m,f,world
Marceau,m,f,world
Marcin,m,f,world
Marion,m,f,world
Marius,m,f,world
Markiyan,m,f,world
Markuss,m,f,world
Marlin,m,f,world
Marquise,m,f,world
Mateusz,m,f,world
Matheo,m,f,world
Mathias,m,f,world
Mathis,m,f,world
Matteo,m,f,world
Mattia,m,f,world
Matvei,m,f,world
Matviy,m,f,world
Matyas,m,f,world
Mauricio,m,f,world
Maxence,m,f,world
Melker,m,f,world
Mieszko,m,f,world
Mihaly,m,f,world
Mikaere,m,f,world
Mikhail,m,f,world
Mikkel,m,f,world
Miklos,m,f,world
Mikolaj,m,f,world
Milosz,m,f,world
Modibo,m,f,world
Moises,m,f,world
Moritz,m,f,world
Motiejus,m,f,world
Moussa,m,f,world
Mustapha,m,f,world
Nandor,m,f,world
Nemanja,m,f,world
Nickolas,m,f,world
Nikodem,m,f,world
Nikolai,m,f,world
Nikolas,m,f,world
Nikolasz,m,f,world
Nurasyl,m,f,world
Ondrej,m,f,world
Osvaldo,m,f,world
Patryk,m,f,world
Pepijn,m,f,world
Pietro,m,f,world
Poyraz,m,f,world
Prakash,m,f,world
Raffaele,m,f,world
Raheem,m,f,world
Rashad,m,f,world
Rashawn,m,f,world
Rasmus,m,f,world
Rawiri,m,f,world
Raymundo,m,f,world
Renato,m,f,world
Reuben,m,f,world
Reyansh,m,f,world
Rikardo,m,f,world
Rikuto,m,f,world
Rogelio,m,f,world
Rolando,m,f,world
Ruairi,m,f,world
Ruaridh,m,f,world
Ruzgar,m,f,world
Ryszard,m,f,world
Samkelo,m,f,world
Sander,m,f,world
Santiago,m,f,world
Sanzhar,m,f,world
Schuyler,m,f,world
Shahid,m,f,world
Siddhartha,m,f,world
Sixten,m,f,world
Siyabonga,m,f,world
Skylar,m,f,world
Solomon,m,f,world
Somboon,m,f,world
Somchai,m,f,world
Somsak,m,f,world
Sondre,m,f,world
Stanislaw,m,f,world
Sterling,m,f,world
Stojan,m,f,world
Sukhba–∞tar,m,f,world
Sviatoslav,m,f,world
Szabolcs,m,f,world
Szilard,m,f,world
Szymon,m,f,world
Tadeusz,m,f,world
Taichi,m,f,world
Tamatoa,m,f,world
Tanner,m,f,world
Tapuarii,m,f,world
Tatsuki,m,f,world
Taurean,m,f,world
Terell,m,f,world
Terrell,m,f,world
Thaddeus,m,f,world
Theodor,m,f,world
Thiago,m,f,world
Tymoteusz,m,f,world
Ulises,m,f,world
Valdemar,m,f,world
Vencel,m,f,world
Vernon,m,f,world
Vihaan,m,f,world
Villum,m,f,world
Vilmos,m,f,world
Vincenzo,m,f,world
Vladislav,m,f,world
Vojtech,m,f,world
Wiremu,m,f,world
Witold,m,f,world
Xyriel,m,f,world
Yaroslav,m,f,world
Yassin,m,f,world
Yerasyl,m,f,world
Yonatan,m,f,world
Yushin,m,f,world
Zeteny,m,f,world
Aditi,f,f,world
Adriane,f,f,world
Alberte,f,f,world
Alecia,f,f,world
Alejandra,f,f,world
Alexia,f,f,world
Alisha,f,f,world
Amahle,f,f,world
Amaira,f,f,world
Amelija,f,f,world
Amina,f,f,world
Aminata,f,f,world
Anahera,f,f,world
Anaya,f,f,world
Androula,f,f,world
Anjali,f,f,world
Antonella,f,f,world
Aoife,f,f,world
Araceli,f,f,world
Ariana,f,f,world
Aroha,f,f,world
Arushi,f,f,world
Aruzhan,f,f,world
Asmita,f,f,world
Austeja,f,f,world
Autumn,f,f,world
Avigail,f,f,world
Ayzere,f,f,world
Azuna,f,f,world
Basiliki,f,f,world
Bayarmaa,f,f,world
Carina,f,f,world
Carissa,f,f,world
Carlota,f,f,world
Carolina,f,f,world
Catalina,f,f,world
Celeste,f,f,world
Celina,f,f,world
Chandra,f,f,world
Charity,f,f,world
Chedeline,f,f,world
Cheyenne,f,f,world
Chiara,f,f,world
Ciera,f,f,world
Cierra,f,f,world
Colette,f,f,world
Colleen,f,f,world
Corina,f,f,world
Corinne,f,f,world
Corrine,f,f,world
Cristin,f,f,world
Crystal,f,f,world
Dalal,f,f,world
Danica,f,f,world
Daniz,f,f,world
Darina,f,f,world
Dariya,f,f,world
Deandra,f,f,world
Delia,f,f,world
Demetria,f,f,world
Desirae,f,f,world
Desiree,f,f,world
Dimitra,f,f,world
Ecrin,f,f,world
Elaina,f,f,world
Eleanor,f,f,world
Elenia,f,f,world
Emilija,f,f,world
Esperanza,f,f,world
Estere,f,f,world
Fallon,f,f,world
Farzana,f,f,world
Felecia,f,f,world
Felicia,f,f,world
Felisha,f,f,world
Gamila,f,f,world
Geneva,f,f,world
Gwendolyn,f,f,world
Harper,f,f,world
Hasnaa,f,f,world
Hasti,f,f,world
Himari,f,f,world
Hosniya,f,f,world
India,f,f,world
Indira,f,f,world
Ioana,f,f,world
Ioanna,f,f,world
Irina,f,f,world
Isidora,f,f,world
Jaclyn,f,f,world
Janae,f,f,world
Janelle,f,f,world
Jocelyn,f,f,world
Jovana,f,f,world
Julieta,f,f,world
Kabita,f,f,world
Kadiatou,f,f,world
Kaede,f,f,world
Kamila,f,f,world
Kamile,f,f,world
Karima,f,f,world
Karina,f,f,world
Karissa,f,f,world
Karla,f,f,world
Karolina,f,f,world
Kassandra,f,f,world
Katarina,f,f,world
Katerina,f,f,world
Katya,f,f,world
Kayla,f,f,world
Keisha,f,f,world
Keshia,f,f,world
Khadija,f,f,world
Kheira,f,f,world
Khrystyna,f,f,world
Kristina,f,f,world
Krystina,f,f,world
Kseniya,f,f,world
Kyriaki,f,f,world
Larissa,f,f,world
Latanya,f,f,world
Latonya,f,f,world
Latoria,f,f,world
Latosha,f,f,world
Latoya,f,f,world
Leilani,f,f,world
Lucija,f,f,world
Luiza,f,f,world
Maegan,f,f,world
Maeva,f,f,world
Maira,f,f,world
Malika,f,f,world
Manaia,f,f,world
Manuela,f,f,world
Maranda,f,f,world
Mariami,f,f,world
Maricela,f,f,world
Marina,f,f,world
Marion,f,f,world
Marisol,f,f,world
Maritza,f,f,world
Mariya,f,f,world
Markita,f,f,world
Marlena,f,f,world
Marya,f,f,world
Maura,f,f,world
Mayra,f,f,world
Mikaela,f,f,world
Milagros,f,f,world
Milagrosa,f,f,world
Minea,f,f,world
Miral,f,f,world
Miranda,f,f,world
Mirlande,f,f,world
Miyar,f,f,world
Mobina,f,f,world
Monika,f,f,world
Myrlande,f,f,world
Nadia,f,f,world
Nahia,f,f,world
Naima,f,f,world
Nakia,f,f,world
Nareh,f,f,world
Nehir,f,f,world
Niharika,f,f,world
Nikol,f,f,world
Nikolina,f,f,world
Noemi,f,f,world
Nurul,f,f,world
Octavia,f,f,world
Paola,f,f,world
Petra,f,f,world
Rachida,f,f,world
Ramona,f,f,world
Rania,f,f,world
Raven,f,f,world
Renae,f,f,world
Reyna,f,f,world
Ronja,f,f,world
Rosalinda,f,f,world
Roxana,f,f,world
Saanvi,f,f,world
Safiya,f,f,world
Saida,f,f,world
Sakeena,f,f,world
Sakineh,f,f,world
Salome,f,f,world
Santana,f,f,world
Savanna,f,f,world
Serife,f,f,world
Setayesh,f,f,world
Shamika,f,f,world
Shanaya,f,f,world
Shanda,f,f,world
Shanika,f,f,world
Shanta,f,f,world
Shari,f,f,world
Sharita,f,f,world
Sharonda,f,f,world
Shawna,f,f,world
Sheikha,f,f,world
Shira,f,f,world
Snezana,f,f,world
Sobia,f,f,world
Sofiya,f,f,world
Sondra,f,f,world
Sonja,f,f,world
Sophia,f,f,world
Stacia,f,f,world
Sumayah,f,f,world
Sunita,f,f,world
Talia,f,f,world
Tamar,f,f,world
Tamara,f,f,world
Tania,f,f,world
Taryn,f,f,world
Tasia,f,f,world
Tatiana,f,f,world
Terra,f,f,world
Tetyana,f,f,world
Teura,f,f,world
Thalia,f,f,world
Tianna,f,f,world
Tiare,f,f,world
Tierra,f,f,world
Titaua,f,f,world
Trista,f,f,world
Valentina,f,f,world
Vasiliki,f,f,world
Venla,f,f,world
Vesna,f,f,world
Viktorija,f,f,world
Viktoriya,f,f,world
Vilte,f,f,world
Vusala,f,f,world
Wakana,f,f,world
Xiaomei,f,f,world
Xiaoyan,f,f,world
Ximena,f,f,world
Xinyi,f,f,world
Yadira,f,f,world
Yarin,f,f,world
Yelena,f,f,world
Yoana,f,f,world
Yuval,f,f,world
Zahra,f,f,world
Zehra,f,f,world
Zofia,f,f,world
Zsofia,f,f,world
Zuzanna,f,f,world
Abel,m,f,luddic
Art,m,f,luddic
Asher,m,f,luddic
Bennett,m,f,luddic
Boone,m,f,luddic
Brave,m,f,luddic
Bright,m,f,luddic
Candor,m,f,luddic
Cincere,m,f,luddic
Clement,m,f,luddic
Counsel,m,f,luddic
Creed,m,f,luddic
Deacon,m,f,luddic
Earnest,m,f,luddic
Eden,m,f,luddic
Ember,m,f,luddic
Emery,m,f,luddic
Ezekiel,m,f,luddic
Fortune,m,f,luddic
Gabriel,m,f,luddic
Goodluck,m,f,luddic
Guile,m,f,luddic
Halcyon,m,f,luddic
Hale,m,f,luddic
Justus,m,f,luddic
Keane,m,f,luddic
Keene,m,f,luddic
Lovejoy,m,f,luddic
Lovewell,m,f,luddic
Marvel,m,f,luddic
Maxim,m,f,luddic
Merrit,m,f,luddic
Muse,m,f,luddic
Nobel,m,f,luddic
Pilar,m,f,luddic
Prestige,m,f,luddic
Quest,m,f,luddic
Reason,m,f,luddic
Remedy,m,f,luddic
Revel,m,f,luddic
Rhyme,m,f,luddic
Sabbath,m,f,luddic
Sage,m,f,luddic
Seeley,m,f,luddic
Shine,m,f,luddic
Solace,m,f,luddic
Sterling,m,f,luddic
Swift,m,f,luddic
Vitale,m,f,luddic
Wit,m,f,luddic
Angel,f,f,luddic
Beloved,f,f,luddic
Blessed,f,f,luddic
Bonnie,f,f,luddic
Calamity,f,f,luddic
Charisma,f,f,luddic
Charity,f,f,luddic
Chastity,f,f,luddic
Cherish,f,f,luddic
Clarity,f,f,luddic
Clemencia,f,f,luddic
Clementine,f,f,luddic
Comfort,f,f,luddic
Constance,f,f,luddic
Crescent,f,f,luddic
Destiny,f,f,luddic
Devine,f,f,luddic
Dharma,f,f,luddic
Divine,f,f,luddic
Ember,f,f,luddic
Essence,f,f,luddic
Euphoria,f,f,luddic
Fate,f,f,luddic
Glory,f,f,luddic
Gracie,f,f,luddic
Halcyon,f,f,luddic
Harmony,f,f,luddic
Harvest,f,f,luddic
Joy,f,f,luddic
Karma,f,f,luddic
Lovelyn,f,f,luddic
Lyric,f,f,luddic
Melody,f,f,luddic
Mercia,f,f,luddic
Meridian,f,f,luddic
Merit,f,f,luddic
Patience,f,f,luddic
Providence,f,f,luddic
Radiance,f,f,luddic
Ransom,f,f,luddic
Rarity,f,f,luddic
Revel,f,f,luddic
Reverie,f,f,luddic
Rhythm,f,f,luddic
Secret,f,f,luddic
Solace,f,f,luddic
Trust,f,f,luddic
Valory,f,f,luddic
Vision,f,f,luddic
Zenith,f,f,luddic
Ackworth,,l,luddic
Ailsworth,,l,luddic
Ainsworth,,l,luddic
Akridge,,l,luddic
Aldridge,,l,luddic
Ashcroft,,l,luddic
Asher,,l,luddic
Ashworth,,l,luddic
Avery,,l,luddic
Bagshaw,,l,luddic
Bancroft,,l,luddic
Barcroft,,l,luddic
Barnfield,,l,luddic
Barnhill,,l,luddic
Barnsdale,,l,luddic
Beardwood,,l,luddic
Birch,,l,luddic
Birkenshaw,,l,luddic
Blackwood,,l,luddic
Blofield,,l,luddic
Bloodworth,,l,luddic
Bosworth,,l,luddic
Bousfield,,l,luddic
Bracken,,l,luddic
Braidwood,,l,luddic
Brickhill,,l,luddic
Brookfield,,l,luddic
Brooks,,l,luddic
Burchfield,,l,luddic
Burnworth,,l,luddic
Byfield,,l,luddic
Cawthorne,,l,luddic
Chatfield,,l,luddic
Claridge,,l,luddic
Cornhill,,l,luddic
Cotton,,l,luddic
Cranfield,,l,luddic
Crawshaw,,l,luddic
Cudworth,,l,luddic
Dandridge,,l,luddic
Detheridge,,l,luddic
Dilworth,,l,luddic
Dinsdale,,l,luddic
Doddridge,,l,luddic
Dronfield,,l,luddic
Duckworth,,l,luddic
Earnshaw,,l,luddic
Eden,,l,luddic
Edgeworth,,l,luddic
Elsworth,,l,luddic
Elworthy,,l,luddic
Enfield,,l,luddic
Eubank,,l,luddic
Fairfield,,l,luddic
Farnhill,,l,luddic
Farnworth,,l,luddic
Finch,,l,luddic
Fisher,,l,luddic
Flint,,l,luddic
Forrest,,l,luddic
Foxcroft,,l,luddic
Foxworthy,,l,luddic
Galsworthy,,l,luddic
Garfield,,l,luddic
Garland,,l,luddic
Garswood,,l,luddic
Glenn,,l,luddic
Grinstead,,l,luddic
Grove,,l,luddic
Hadfield,,l,luddic
Hadley,,l,luddic
Harthill,,l,luddic
Hartley,,l,luddic
Harwood,,l,luddic
Haselden,,l,luddic
Hawksworth,,l,luddic
Haworth,,l,luddic
Hawthorne,,l,luddic
Haywood,,l,luddic
Hazelden,,l,luddic
Headley,,l,luddic
Hemsworth,,l,luddic
Henshaw,,l,luddic
Henstridge,,l,luddic
Hepworth,,l,luddic
Herridge,,l,luddic
Hillhouse,,l,luddic
Holdridge,,l,luddic
Holdsworth,,l,luddic
Hollingworth,,l,luddic
Holyfield,,l,luddic
Hopwood,,l,luddic
Horsfield,,l,luddic
Horwood,,l,luddic
Hudson,,l,luddic
Huntley,,l,luddic
Illingworth,,l,luddic
Kenworthy,,l,luddic
Kingswood,,l,luddic
Kirkwood,,l,luddic
Langridge,,l,luddic
Langthorne,,l,luddic
Langworthy,,l,luddic
Lindberg,,l,luddic
Linden,,l,luddic
Lingwood,,l,luddic
Linstead,,l,luddic
Littledale,,l,luddic
Littlewood,,l,luddic
Littleworth,,l,luddic
Lockeridge,,l,luddic
Lockwood,,l,luddic
Longfield,,l,luddic
Marin,,l,luddic
Marsh,,l,luddic
Marwood,,l,luddic
Masefield,,l,luddic
Meadowcroft,,l,luddic
Mogridge,,l,luddic
Moorfield,,l,luddic
Moss,,l,luddic
North,,l,luddic
Oakes,,l,luddic
Oakley,,l,luddic
Oaks,,l,luddic
Oldfield,,l,luddic
Packwood,,l,luddic
Partridge,,l,luddic
Passfield,,l,luddic
Piper,,l,luddic
Plumridge,,l,luddic
Plumstead,,l,luddic
Ragdale,,l,luddic
Ravenscroft,,l,luddic
Rayfield,,l,luddic
Redfield,,l,luddic
Redpath,,l,luddic
Redshaw,,l,luddic
Reed,,l,luddic
Ridsdale,,l,luddic
Ringwood,,l,luddic
Rishworth,,l,luddic
Rose,,l,luddic
Rowan,,l,luddic
Rycroft,,l,luddic
Sage,,l,luddic
Sandridge,,l,luddic
Scowcroft,,l,luddic
Selwood,,l,luddic
Shawcross,,l,luddic
Shawforth,,l,luddic
Sherwood,,l,luddic
Silverthorn,,l,luddic
Snowdon,,l,luddic
Somerled,,l,luddic
South,,l,luddic
Southworth,,l,luddic
Sparrow,,l,luddic
Spring,,l,luddic
Springfield,,l,luddic
Stalworth,,l,luddic
Stansfield,,l,luddic
Stanworth,,l,luddic
Staplehurst,,1,luddic
Starling,,l,luddic
Sterling,,l,luddic
Stockdale,,l,luddic
Stone,,l,luddic
Streatfield,,l,luddic
Tenniswood,,l,luddic
Thornbury,,l,luddic
Thorndike,,l,luddic
Thornley,,l,luddic
Thornton,,l,luddic
Tothill,,l,luddic
Unsworth,,l,luddic
Upfield,,l,luddic
Vale,,l,luddic
Wadsworth,,l,luddic
Wakefield,,l,luddic
Waldridge,,l,luddic
Walsworth,,l,luddic
Walworth,,l,luddic
Wanstead,,l,luddic
Warfield,,l,luddic
Wedgwood,,l,luddic
Wells,,l,luddic
Wentworth,,l,luddic
Westfield,,l,luddic
Wheatcroft,,l,luddic
Wheatley,,l,luddic
Whitfield,,l,luddic
Whitworth,,l,luddic
Woodbury,,l,luddic
Woodhall,,l,luddic
Woodlock,,l,luddic
Woodthorpe,,l,luddic
Wordsworth,,l,luddic
Worthington,,l,luddic
Wren,,l,luddic
Aero,,f,ai
Alizarin,,f,ai
Almond,,f,ai
Amaranth,,f,ai
Amethyst,,f,ai
Aqua,,f,ai
Arylide,,f,ai
Aureolin,,f,ai
Beige,,f,ai
Bisque,,f,ai
Bistre,,f,ai
Bone,,f,ai
Byzantium,,f,ai
Cadmium,,f,ai
Cardinal,,f,ai
Carmine,,f,ai
Carnelian,,f,ai
Celeste,,f,ai
Champagne,,f,ai
Charcoal,,f,ai
Chestnut,,f,ai
Cinereous,,f,ai
Cinnabar,,f,ai
Cinnamon,,f,ai
Citrine,,f,ai
Citron,,f,ai
Claret,,f,ai
Coffee,,f,ai
Copper,,f,ai
Coquelicot,,f,ai
Cordovan,,f,ai
Cyclamen,,f,ai
Eminence,,f,ai
Fandango,,f,ai
Frostbite,,f,ai
Fulvous,,f,ai
Gainsboro,,f,ai
Gamboge,,f,ai
Glaucous,,f,ai
Harlequin,,f,ai
Heliotrope,,f,ai
Isabelline,,f,ai
Jasmine,,f,ai
Jonquil,,f,ai
Khaki,,f,ai
Kobe,,f,ai
Kobicha,,f,ai
Lilac,,f,ai
Liseran,,f,ai
Magnolia,,f,ai
Mahogany,,f,ai
Maize,,f,ai
Majorelle,,f,ai
Malachite,,f,ai
Mauve,,f,ai
Midnight,,f,ai
Mindaro,,f,ai
Nadeshiko,,f,ai
Navajo,,f,ai
Nickel,,f,ai
Nyanza,,f,ai
Olivine,,f,ai
Opal,,f,ai
Orchid,,f,ai
Parchment,,f,ai
Patriarch,,f,ai
Peach,,f,ai
Periwinkle,,f,ai
Persimmon,,f,ai
Phlox,,f,ai
Phthalo,,f,ai
Picotee,,f,ai
Pistachio,,f,ai
Platinum,,f,ai
Purpureus,,f,ai
Quinacridone,,f,ai
Rajah,,f,ai
Redwood,,f,ai
Rosewood,,f,ai
Ruber,,f,ai
Rufous,,f,ai
Sapphire,,f,ai
Seance,,f,ai
Sepia,,f,ai
Sinopia,,f,ai
Skobeloff,,f,ai
Taupe,,f,ai
Telemagenta,,f,ai
Thistle,,f,ai
Timberwolf,,f,ai
Tourmaline,,f,ai
Tuscan,,f,ai
Vanilla,,f,ai
Verdigris,,f,ai
Veronica,,f,ai
Wisteria,,f,ai
Xanadu,,f,ai
Xanthic,,f,ai
Xanthous,,f,ai
Zaffre,,f,ai