name,secondary,tags,parents,frequency,reusable
Abazi,,star,,,
Abrogo,,star,,,
Achelous,,star,,,
Achenar,,star,,,
Acionna,,star,,,
Ackwada,,star,,,
Adepti,,star,,,
Aelius,,star,,,
Aeneas,,star,,,
Aeng Dimo,,star,,,
Aeolus,,star,,,
Aeternitas,,star,,,
Aetius,,star,,,
Agarda,,star,,,
Agelasta,,star,,,
Agrippa,,star,,,
Ahti,,star,,,
Aiabara,,star,,,
Aiabiko,,star,,,
Akandi,,star,,,
Akba Ataci,,star,,,
Alaunus,,star,,,
Albina,,star,,,
Alchita,,star,,,
Alcor,,star,,,
Aldebaran,,star,,,
Alioth,,star,,,
Alpheus,,star,,,
Altair,,star,,,
Amadioha,,star,,,
Amaterasu,,star,,,
Amphisatsu,,star,,,
Ananke,,star,,,
Anapos,,star,,,
Antares,,star,,,
Antevorta,,star,,,
Antinica,,star,,,
Aoesta,,star,,,
Aphros,,star,,,
Aquarii,,star,,,
Aquilae,,star,,,
Aranka,,star,,,
Aravaci,,star,,,
Arcturus,,star,,,
Arque,,star,,,
Artemis,,star,,,
Arvirisa,,star,,,
Arx Arcis,,star,,,
Asellus Primus,,star,,,
Ashandras,,star,,,
Asteria,,star,,,
Asura,,star,,,
Athena,,star,,,
Atropos,,star,,,
Aunochis,,star,,,
Aura,,star,,,
Aurai,,star,,,
Aurea,,star,,,
Aurora Astrum,,star,,,
Aurora,,star,,,
Austern,,star,,,
Axis Mundi,,star,,,
Ayoro Nage,,star,,,
Azoth,,star,,,
Bacara,,star,,,
Bandua,,star,,,
Bao Yan Luo,,star,,,
Barati,,star,,,
Bark Pular,,star,,,
Basika,,star,,,
Basium,,star,,,
Batara Kala,,star,,,
Beagle Point,,star,,,
Beatis Secundus,,star,,,
Beetrix,,star,,,
Belagro,,star,,,
Belarsh,,star,,,
Benates,,star,,,
Berzites,,star,,,
Bestia,,star,,,
Bhada,,star,,,
Bhil Mina,,star,,,
Bhun Chi,,star,,,
Biataxo,,star,,,
Boreas,,star,,,
Borrelai,,star,,,
Brahma,,star,,,
Brestla,,star,,,
Buzhang Ku,,star,,,
Bythos,,star,,,
Cabassones,,star,,,
Caceras,,star,,,
Caelinus,,star,,,
Caerus,,star,,,
Canopus,,star,,,
Canum Venaticorum,,star,,,
Cao Yans,,star,,,
Capella,,star,,,
Capricorni,,star,,,
Carcosa,,star,,,
Caribri,,star,,,
Cassiopeiae,,star,,,
Cemiess,,star,,,
Ceramix,,star,,,
Ceri,,star,,,
Chandra,,star,,,
Charonium,,star,,,
Cheng Den,,star,,,
Chup Kamui,,star,,,
Circe,,star,,,
Circeo,,star,,,
Clayakarma,,star,,,
Colonia,,star,,,
Concordia,,star,,,
Convoumia,,star,,,
Copian Xing,,star,,,
Coquessa,,star,,,
Crateris,,star,,,
Cubeo,,star,,,
Daha Deti,,star,,,
Danae,,star,,,
Dao Jungu,,star,,,
Dea Motrona,,star,,,
Deciat,,star,,,
Delkar,,star,,,
Delphi,,star,,,
Delphin,,star,,,
Demeter,,star,,,
Denebola,,star,,,
Devata Baru,,star,,,
Dierites,,star,,,
Draconis,,star,,,
Durius,,star,,,
Dzalak Mani,,star,,,
Ekonir,,star,,,
Ekuru,,star,,,
Enayex,,star,,,
Endovlicus,,star,,,
Eotienses,,star,,,
Ephesus,,star,,,
Eranin,,star,,,
Eravate,,star,,,
Erebus,,star,,,
Eridani,,star,,,
Erlaza,,star,,,
Euboa,,star,,,
Eulexia,,star,,,
Euripus,,star,,,
Euryale,,star,,,
Eurybia,,star,,,
Exbeur,,star,,,
Exigus,,star,,,
Exo Rialo,,star,,,
Exphiay,,star,,,
Facece,,star,,,
Finti,,star,,,
Fomalhaut,,star,,,
Forculus,,star,,,
Fortuna,,star,,,
Fyris Wolds,,star,,,
Gabraceni,,star,,,
Genetrix,,star,,,
Gero Kiaku,,star,,,
Gilgamesh,,star,,,
Giryak,,star,,,
Harma,,star,,,
Hathor,,star,,,
Hawking's Reach,,star,,,
Helios,,star,,,
Hera,,star,,,
Herlio,,star,,,
Hiradhea,,star,,,
Hodack,,star,,,
Hooriayan,,star,,,
Horus,,star,,,
Hupako,,star,,,
Iah Lanitei,,star,,,
Iku-Turso,,star,,,
Iman Caber,,star,,,
Imani,,star,,,
Indra,,star,,,
Inovik,,star,,,
Ishtar,,star,,,
Isinor,,star,,,
Isis,,star,,,
Iyaka,,star,,,
Izanagi,,star,,,
Izanami,,star,,,
Jaburara,,star,,,
Jaradharre,,star,,,
Jardovici,,star,,,
Jarnae,,star,,,
Ju Shou Yax,,star,,,
Juno,,star,,,
Jupali,,star,,,
Kamadhenu,,star,,,
Kamarada,,star,,,
Kappa Fornacis,,star,,,
Karini,,star,,,
Karnarki,,star,,,
Karovoy,,star,,,
Kashyapa,,star,,,
Kaura,,star,,,
Kausalya,,star,,,
Kedre Ralis,,star,,,
Keraitra,,star,,,
Kerebaei,,star,,,
Khronos,,star,,,
Kista,,star,,,
Kivah,,star,,,
Kokojina,,star,,,
Kokokomi,,star,,,
Kokomi,,star,,,
Kokoto,,star,,,
Komotae,,star,,,
Komovoy,,star,,,
Koraik,,star,,,
Kuma,,star,,,
Kumana,,star,,,
Kurishi,,star,,,
Kuruacani,,star,,,
Kurukana,,star,,,
Kuwemaki,,star,,,
Lacaille,,star,,,
Laika,,star,,,
Lakota,,star,,,
Laksak,,star,,,
Lave,,star,,,
Leesti,,star,,,
Lei Gong,,star,,,
Lembava,,star,,,
Lencali,,star,,,
Libaia Bara,,star,,,
Librae,,star,,,
Lowat Yuan,,star,,,
Luchtaine,,star,,,
Lusonda,,star,,,
Lyncis,,star,,,
Macalites,,star,,,
Maeve,,star,,,
Magec,,star,,,
Maghirvii,,star,,,
Magna Dea,,star,,,
Mahakala,,star,,,
Mahari,,star,,,
Mahimata,,star,,,
Maia,,star,,,
Maikoro,,star,,,
Mamitu,,star,,,
Mammon,,star,,,
Maopi,,star,,,
Marahli,,star,,,
Marajoara,,star,,,
Marana,,star,,,
Marasing,,star,,,
Mawambi,,star,,,
Mbooni,,star,,,
Medusa,,star,,,
Meene,,star,,,
Mehet,,star,,,
Meiri,,star,,,
Meldrith,,star,,,
Meliae,,star,,,
Menero Kimi,,star,,,
Menkalinan,,star,,,
Merope,,star,,,
Mexicatese,,star,,,
Miao Thixo,,star,,,
Mikunn,,star,,,
Minarii,,star,,,
Minerva,,star,,,
Mingfu,,star,,,
Miola,,star,,,
Mislika,,star,,,
Mizuchi,,star,,,
Momoirent,,star,,,
Morinbath,,star,,,
Morixa,,star,,,
Mu Cephei,,star,,,
Muang,,star,,,
Mug Ruith,,star,,,
Mwamba,,star,,,
Namarii,,star,,,
Narasimha,,star,,,
Nareni,,star,,,
Nareri,,star,,,
Nastrond,,star,,,
Natura,,star,,,
Naunin,,star,,,
Navajoar,,star,,,
Neali,,star,,,
Negani,,star,,,
Nekhbet,,star,,,
Nephthys,,star,,,
Nervir,,star,,,
Nevermore,,star,,,
Noatiaca,,star,,,
Nocori,,star,,,
Nokomis,,star,,,
Nornari,,star,,,
Nortia,,star,,,
Notus,,star,,,
Nox,,star,,,
Nuakea,,star,,,
Nuenets,,star,,,
Nuenoch,,star,,,
Nyanktona,,star,,,
Nyokojai,,star,,,
Nyx,,star,,,
Orerve,,star,,,
Orionis,,star,,,
Paitina,,star,,,
Palaemon,,star,,,
Pallaeni,,star,,,
Panarion,,star,,,
Pangu,,star,,,
Panopi,,star,,,
Panossini,,star,,,
Paradiso,,star,,,
Pareco,,star,,,
Paresa,,star,,,
Pegasi,,star,,,
Pelin,,star,,,
Pemoeri,,star,,,
Pemoten,,star,,,
Peneng Wa,,star,,,
Pentun,,star,,,
Pepper,,star,,,
Peregrina,,star,,,
Pereng Asli,,star,,,
Perkana,,star,,,
Perkele,,star,,,
Permits,,star,,,
Persei,,star,,,
Perun,,star,,,
Petra,,star,,,
Phekda,,star,,,
Phorcys,,star,,,
Phrygia,,star,,,
Pi Mensae,,star,,,
Pichanto,,star,,,
Pilatock,,star,,,
Pilngalu,,star,,,
Pinouphis,,star,,,
Piscium,,star,,,
Polevnic,,star,,,
Pollux,,star,,,
Poseidon,,star,,,
Postverta,,star,,,
Praecipua,,star,,,
Prism,,star,,,
Priva,,star,,,
Privoro,,star,,,
Procyon,,star,,,
Proteus,,star,,,
Puiku,,star,,,
Punna,,star,,,
Puppis,,star,,,
Putama,,star,,,
Pyredi,,star,,,
Qarato,,star,,,
Quan Gurus,,star,,,
Quator,,star,,,
Quince,,star,,,
Ququve,,star,,,
Radegast,,star,,,
Rakapila,,star,,,
Rana,,star,,,
Rasalhague,,star,,,
Rasmussen,,star,,,
Rathakako,,star,,,
Ratri,,star,,,
Recua,,star,,,
Regulus,,star,,,
Remines,,star,,,
Renetes,,star,,,
Reorte,,star,,,
Repun Kami,,star,,,
Rhea,,star,,,
Rhiannon,,star,,,
Riedquat,,star,,,
Rigel,,star,,,
Rikba Atius,,star,,,
Rodentia Petram,,star,,,
Rohini,,star,,,
Ru Shun,,star,,,
Rureri,,star,,,
Sabik,,star,,,
Sachmet,,star,,,
Saka Gaah,,star,,,
Sakarabru,,star,,,
Samebito,,star,,,
Sanka,,star,,,
Sanorta,,star,,,
Santa Muerte,,star,,,
Saurisan,,star,,,
Saxon,,star,,,
Scylla,,star,,,
Sedna,,star,,,
Segais,,star,,,
Sekhemet,,star,,,
Sekhenses,,star,,,
Seleru Bao,,star,,,
Semali,,star,,,
Septet,,star,,,
Serpentis,,star,,,
Shapley,,star,,,
Shenve,,star,,,
Shinrarta Dezhra,,star,,,
Sikians,,star,,,
Sionesta,,star,,,
Siren,,star,,,
Sirius,,star,,,
Sobek,,star,,,
Socho,,star,,,
Soontill,,star,,,
Sothis,,star,,,
Stuemeae,,star,,,
Summerland,,star,,,
Svanticani,,star,,,
Swaza,,star,,,
Synteini,,star,,,
Synuefe,,star,,,
Tabaldak,,star,,,
Tai Shenef,,star,,,
Taliesin,,star,,,
Talitha,,star,,,
Tarach Tor,,star,,,
Taranis,,star,,,
Tauerni,,star,,,
Taurina,,star,,,
Tchernobog,,star,,,
Terebellum,,star,,,
Terminus,,star,,,
Tethlon,,star,,,
Theotokos,,star,,,
Thesan,,star,,,
Thethys,,star,,,
Thoth,,star,,,
Tiamat,,star,,,
Tibis,,star,,,
Tiliala,,star,,,
Tionisla,,star,,,
Tir Peria,,star,,,
Trappist,,star,,,
Triton,,star,,,
Tvasuki,,star,,,
Typhon,,star,,,
Tyr,,star,,,
Undines,,star,,,
Upaniklis,,star,,,
Uszaa,,star,,,
Uzumeru,,star,,,
Uzumoxii,,star,,,
Valki,,star,,,
Van Maanen,,star,,,
Vanir,,star,,,
Varuna,,star,,,
Velux,,star,,,
Venda Kono,,star,,,
Veneri,,star,,,
Vihaara,,star,,,
Virginis,,star,,,
Vivata,,star,,,
Volkova,,star,,,
Warkushanui,,star,,,
Warnates,,star,,,
Wathiparian,,star,,,
Wei Chang,,star,,,
Weywotya,,star,,,
Widow's Light,,star,,,
Wikatabar,,star,,,
Wikmunda,,star,,,
Witchhaul,,star,,,
Wolfsegen,,star,,,
Wregoe,,star,,,
Wyrd,,star,,,
Xang Tzu,,star,,,
Xelabara,,star,,,
Xevioso,,star,,,
Yanyan,,star,,,
Yarigui,,star,,,
Yen Ti,,star,,,
Yenada,,star,,,
Yenates,,star,,,
Yer Tanri,,star,,,
Yoru,,star,,,
Yoruba,,star,,,
Zandu,,star,,,
Zaonce,,star,,,
Zaramo,,star,,,
Zavijah,,star,,,
Zelada,,star,,,
Zende,,star,,,
Zephyrus,,star,,,
Zhulong,,star,,,
Zorya,,star,,,
Zosia,,star,,,
Zurvan,,star,,,
Zvaizgan,,star,,,
Aalzorg,,planet,,,
Abagnar,,planet,,,
Abbadiyah,,planet,,,
Abbeville,,planet,,,
Abejorral,,planet,,,
Aberystwyth,,planet,,,
Abiy Adi,,planet,,,
Aboukir,,planet,,,
Abramkovo,,planet,,,
Abruzzi,,planet,,,
Achernar,,planet,,,
Achnoly,,planet,,,
Aconcagua,,planet,,,
Acubens,,planet,,,
Ad Duwayd,,planet,,,
Addasar,,planet,,,
Addhara,,planet,,,
Addicks,,planet,,,
Adelaide,,planet,,,
Adelson,,planet,,,
Adhafera,,planet,,,
Adherlwin,,planet,,,
Afarsin,,planet,,,
Agematsu,,planet,,,
Aggstein,,planet,,,
Agliana,,planet,,,
Aiguebelle,,planet,,,
Aitutaki,,planet,,,
Alamagordo,,planet,,,
Alarion,,planet,,,
Albalii,,planet,,,
Albaracht,,planet,,,
Albert Falls,,planet,,,
Albiero,,planet,,,
Alchiba,,planet,,,
Alcyone,,planet,,,
Aldebaran,,planet,,,
Aldertaine,,planet,,,
Aldrecht,,planet,,,
Alekseyevka,,planet,,,
Alexandria,,planet,,,
Algenib,,planet,,,
Algorab,,planet,,,
Alkalurops,,planet,,,
Alktral,,planet,,,
All Dawn,,planet,,,
Alleghe,,planet,,,
Allerton,,planet,,,
Alloway,,planet,,,
Alma Alta,,planet,,,
Almotacen,,planet,,,
Almunge,,planet,,,
Alnadal,,planet,,,
Alorton,,planet,,,
Alphecca,,planet,,,
Alpheratz,,planet,,,
Alrakis,,planet,,,
Alrescha,,planet,,,
Alshain,,planet,,,
Alta Vista,,planet,,,
Altdorf,,planet,,,
Altenmarkt,,planet,,,
Althastan,,planet,,,
Altoona,,planet,,,
Altorra,,planet,,,
Amber Grove,,planet,,,
Ambergrist,,planet,,,
Ambrose,,planet,,,
Amminadav,,planet,,,
Amnesty,,planet,,,
Anaheim,,planet,,,
Anatolia,,planet,,,
Anchorhead,,planet,,,
Andalusia,,planet,,,
Andarmax,,planet,,,
Andelys,,planet,,,
Andiron,,planet,,,
Andurien,,planet,,,
Anegasaki,,planet,,,
Anfang,,planet,,,
Angelsey,,planet,,,
Anguilla,,planet,,,
Anjin Muerto,,planet,,,
Ankolika,,planet,,,
Annapolis,,planet,,,
Annunziata,,planet,,,
Antallos,,planet,,,
Antares,,planet,,,
Antietam,,planet,,,
Antipolo,,planet,,,
Antwerp,,planet,,,
Anywhere,,planet,,,
Apinzel,,planet,,,
Apolakkia,,planet,,,
Apostica,,planet,,,
Apsalar,,planet,,,
Aquagea,,planet,,,
Aquavita,,planet,,,
Aquileia,,planet,,,
Arboris,,planet,,,
Arcadia,,planet,,,
Arcturus,,planet,,,
Arganda,,planet,,,
Argondale,,planet,,,
Aristotle,,planet,,,
Arlington,,planet,,,
Armington,,planet,,,
Armstrong,,planet,,,
Arnaudville,,planet,,,
Arromanches,,planet,,,
Arundel,,planet,,,
As Samik,,planet,,,
Ascella,,planet,,,
Ashburton,,planet,,,
Aspropirgos,,planet,,,
Astrokaszy,,planet,,,
Asturias,,planet,,,
Asuncion,,planet,,,
Athenry,,planet,,,
Atocongo,,planet,,,
Attenbrooks,,planet,,,
Atzenbrugg,,planet,,,
Aubisson,,planet,,,
Augusta,,planet,,,
Augustine,,planet,,,
Auldhouse,,planet,,,
Aurigae,,planet,,,
Autumn Wind,,planet,,,
Avawatz,,planet,,,
Avellaneda,,planet,,,
Avigait,,planet,,,
Avranches,,planet,,,
Ayacucho,,planet,,,
Ayn Tarma,,planet,,,
Babaeski,,planet,,,
Babuyan,,planet,,,
Baccalieu,,planet,,,
Baggville,,planet,,,
Bainsville,,planet,,,
Balawat,,planet,,,
Baliggora,,planet,,,
Ballalaba,,planet,,,
Ballentine,,planet,,,
Ballynure,,planet,,,
Baltazar,,planet,,,
Bamburgh,,planet,,,
Bandora,,planet,,,
Banfora,,planet,,,
Bannerhoft,,planet,,,
Barahona,,planet,,,
Baranda,,planet,,,
Barcella,,planet,,,
Barlaston,,planet,,,
Barstow,,planet,,,
Bartrock,,planet,,,
Baruun Urt,,planet,,,
Baryshevo,,planet,,,
Basantapur,,planet,,,
Basiliano,,planet,,,
Bassfield,,planet,,,
Bastian,,planet,,,
Bastrop,,planet,,,
Batajnica,,planet,,,
Batavia,,planet,,,
Battaraigi,,planet,,,
Bayindir,,planet,,,
Bearclaw,,planet,,,
Beaumont,,planet,,,
Beauvais,,planet,,,
Beckars,,planet,,,
Bedeque,,planet,,,
Beecher,,planet,,,
Beenleigh,,planet,,,
Belacruz,,planet,,,
Belaire,,planet,,,
Belamor,,planet,,,
Belladonna,,planet,,,
Bellatrix,,planet,,,
Bellesle,,planet,,,
Bellevue,,planet,,,
Belluevue,,planet,,,
Benedict,,planet,,,
Benfled,,planet,,,
Benjamin,,planet,,,
Bensinger,,planet,,,
Bentley,,planet,,,
Berenson,,planet,,,
Bergtatt,,planet,,,
Bernardo,,planet,,,
Bessarabia,,planet,,,
Beten Kaitos,,planet,,,
Bethonolog,,planet,,,
Bettendorf,,planet,,,
Bhaktapur,,planet,,,
Bicester,,planet,,,
Bikini Atoll,,planet,,,
Biloela,,planet,,,
Binyang,,planet,,,
Birmensdorf,,planet,,,
Birqash,,planet,,,
Bithinia,,planet,,,
Bjarred,,planet,,,
Bjornlunda,,planet,,,
Blackjack,,planet,,,
Blair Atholl,,planet,,,
Blantleff,,planet,,,
Blommestein,,planet,,,
Blue Diamond,,planet,,,
Blue Hole,,planet,,,
Blue Sava,,planet,,,
Bluford,,planet,,,
Blumenort,,planet,,,
Boardwalk,,planet,,,
Bobruisk,,planet,,,
Bodnath,,planet,,,
Boeotia,,planet,,,
Bogerth,,planet,,,
Bonaire,,planet,,,
Bonavista,,planet,,,
Bondurant,,planet,,,
Bonneau,,planet,,,
Boondock,,planet,,,
Borghese,,planet,,,
Bossangoa,,planet,,,
Bothwell,,planet,,,
Brabent,,planet,,,
Brailsford,,planet,,,
Branzoll,,planet,,,
Braunschweig,,planet,,,
Braunton,,planet,,,
Bremond,,planet,,,
Breukelen,,planet,,,
Brihuega,,planet,,,
Bringdam,,planet,,,
Brinton,,planet,,,
Brisbane,,planet,,,
Bristol,,planet,,,
Brittany,,planet,,,
Brixtana,,planet,,,
Broaddus,,planet,,,
Brockton,,planet,,,
Brockway,,planet,,,
Bromhead,,planet,,,
Brooloo,,planet,,,
Brownsville,,planet,,,
Brundage,,planet,,,
Brundams,,planet,,,
Brusett,,planet,,,
Buchlau,,planet,,,
Buckminster,,planet,,,
Budingen,,planet,,,
Buffalo Meadows,,planet,,,
Burnt Rock,,planet,,,
Bushmill,,planet,,,
Butzfleth,,planet,,,
Byesville,,planet,,,
Cabanatuan,,planet,,,
Caerlaverock,,planet,,,
Caesaera,,planet,,,
Cahokia,,planet,,,
Caillinius,,planet,,,
Cajamarca,,planet,,,
Calafell,,planet,,,
Calchedon,,planet,,,
Caldarium,,planet,,,
Caldrea,,planet,,,
Caldwell,,planet,,,
Caledea,,planet,,,
Caledonia,,planet,,,
Calingasta,,planet,,,
Callison,,planet,,,
Callisto,,planet,,,
Calloway,,planet,,,
Calpaca,,planet,,,
Calseraigne,,planet,,,
Calvados,,planet,,,
Camadeierre,,planet,,,
Cambiano,,planet,,,
Cambridge,,planet,,,
Cameron,,planet,,,
Camlann,,planet,,,
Campbelton,,planet,,,
Campertown,,planet,,,
Campoleone,,planet,,,
Candiear,,planet,,,
Canonbie,,planet,,,
Canopus,,planet,,,
Capella,,planet,,,
Capolla,,planet,,,
Capricorn,,planet,,,
Caracol,,planet,,,
Carbonis,,planet,,,
Carcassonne,,planet,,,
Caripare,,planet,,,
Carlisle,,planet,,,
Carmacks,,planet,,,
Carmelita,,planet,,,
Carmichael,,planet,,,
Carnwath,,planet,,,
Carruth,,planet,,,
Carsphairn,,planet,,,
Carstairs,,planet,,,
Cartago,,planet,,,
Carthage,,planet,,,
Carvajal,,planet,,,
Cascade,,planet,,,
Caselton,,planet,,,
Cassias,,planet,,,
Cassilda,,planet,,,
Castile,,planet,,,
Castrovia,,planet,,,
Catroxx,,planet,,,
Cavalor,,planet,,,
Cavanaugh,,planet,,,
Cebalrai,,planet,,,
Celebes,,planet,,,
Celentaro,,planet,,,
Centavido,,planet,,,
Cerignola,,planet,,,
Cerillos,,planet,,,
Cerulean,,planet,,,
Chaffee,,planet,,,
Chakachamna,,planet,,,
Challwa,,planet,,,
Chalouba,,planet,,,
Champadanga,,planet,,,
Chandan,,planet,,,
Chandler,,planet,,,
Chanute,,planet,,,
Chapineria,,planet,,,
Chapultepec,,planet,,,
Charity,,planet,,,
Chateau,,planet,,,
Chatham,,planet,,,
Chaumont,,planet,,,
Chaville,,planet,,,
Chebanse,,planet,,,
Chekaar,,planet,,,
Chengdu,,planet,,,
Chenier,,planet,,,
Chennai,,planet,,,
Cheriton,,planet,,,
Chertan,,planet,,,
Chesterton,,planet,,,
Chhaprauli,,planet,,,
Chiavenna,,planet,,,
Chichibu,,planet,,,
Chillon,,planet,,,
Chilung,,planet,,,
Chimpaw,,planet,,,
Chirala,,planet,,,
Chirikof,,planet,,,
Chitwan,,planet,,,
Cholame,,planet,,,
Chorley,,planet,,,
Choudrant,,planet,,,
Christiania,,planet,,,
Chukchi,,planet,,,
Chupadero,,planet,,,
Ciampino,,planet,,,
Cilvituk,,planet,,,
Cimeron,,planet,,,
Cinigrad,,planet,,,
Cinnabar,,planet,,,
Circinus,,planet,,,
Cirebon,,planet,,,
Clavis,,planet,,,
Claxton,,planet,,,
Clayborne,,planet,,,
Claybrooke,,planet,,,
Clearfield,,planet,,,
Clermont,,planet,,,
Clinton,,planet,,,
Clipperton,,planet,,,
Cogdell,,planet,,,
Cohagen,,planet,,,
Colchester,,planet,,,
Colchis,,planet,,,
Coldbrook,,planet,,,
Colinas,,planet,,,
Colleen,,planet,,,
Colorado,,planet,,,
Columbine,,planet,,,
Comstock,,planet,,,
Conakry,,planet,,,
Concord,,planet,,,
Connaught,,planet,,,
Conquista,,planet,,,
Constance,,planet,,,
Contrilla,,planet,,,
Coopertown,,planet,,,
Coraines,,planet,,,
Corbeanca,,planet,,,
Cordiagr,,planet,,,
Corella,,planet,,,
Coriscana,,planet,,,
Corodiz,,planet,,,
Coromodir,,planet,,,
Corridan,,planet,,,
Corsica Nueva,,planet,,,
Corydon,,planet,,,
Cosenza,,planet,,,
Cotocallao,,planet,,,
Coudoux,,planet,,,
Courcellete,,planet,,,
Courchevel,,planet,,,
Coursadin,,planet,,,
Courtney,,planet,,,
Coventry,,planet,,,
Covington,,planet,,,
Cranston,,planet,,,
Crawford,,planet,,,
Crellacor,,planet,,,
Cresson,,planet,,,
Crestoblus,,planet,,,
Crevedia,,planet,,,
Crichton,,planet,,,
Crimond,,planet,,,
Crofton,,planet,,,
Cronulla,,planet,,,
Crossing,,planet,,,
Cruz Alta,,planet,,,
Cryfder,,planet,,,
Csesztreg,,planet,,,
Ctesiphon,,planet,,,
Cumbres,,planet,,,
Curaumilla,,planet,,,
Custozza,,planet,,,
Cyclene,,planet,,,
Cynthiana,,planet,,,
Cyrenaica,,planet,,,
Czarvowo,,planet,,,
Córdoba,,planet,,,
Dahlgren,,planet,,,
Dalcour,,planet,,,
Dalkeith,,planet,,,
Dalmantia,,planet,,,
Damevang,,planet,,,
Daneshmand,,planet,,,
Danxian,,planet,,,
Dar-es-Salaam,,planet,,,
Darwendale,,planet,,,
Davetal,,planet,,,
Davisville,,planet,,,
Dayr Khuna,,planet,,,
De Berry,,planet,,,
Decatur,,planet,,,
Defiance,,planet,,,
Dehgolan,,planet,,,
Delacambre,,planet,,,
Delacruz,,planet,,,
Delagoa,,planet,,,
Delavan,,planet,,,
Delitzsch,,planet,,,
Delphos,,planet,,,
Denebola,,planet,,,
Denizli,,planet,,,
Derbent,,planet,,,
Dersidatz,,planet,,,
Deschenes,,planet,,,
Deshler,,planet,,,
Despair,,planet,,,
Detroit,,planet,,,
Dhaulgiri,,planet,,,
Diamantina,,planet,,,
Dicallus,,planet,,,
Dichell,,planet,,,
Dickinson,,planet,,,
Die Moot,,planet,,,
Diefenbaker,,planet,,,
Dijonne,,planet,,,
Dindatari,,planet,,,
Dinsmark,,planet,,,
Directus,,planet,,,
Dneiper,,planet,,,
Dnepropetrovsk,,planet,,,
Doggerbank,,planet,,,
Domeyko,,planet,,,
Dompaire,,planet,,,
Donegal,,planet,,,
Donenac,,planet,,,
Doneval,,planet,,,
Dormandaine,,planet,,,
Dortmund,,planet,,,
Drachenfeld,,planet,,,
Dralkig,,planet,,,
Dreadlord,,planet,,,
Dresden,,planet,,,
Drienfontein,,planet,,,
Dromini,,planet,,,
Drosendorf,,planet,,,
Drusibacken,,planet,,,
Duantia,,planet,,,
Dukambia,,planet,,,
Dumaring,,planet,,,
Dumassas,,planet,,,
Dunianshire,,planet,,,
Dunkerque,,planet,,,
Durabon,,planet,,,
Dustball,,planet,,,
Duxford,,planet,,,
Duxfort,,planet,,,
Eaglesham,,planet,,,
Ebensburg,,planet,,,
Edasich,,planet,,,
Edmondson,,planet,,,
Edwards,,planet,,,
Eguilles,,planet,,,
Eidsfoss,,planet,,,
Eilenburg,,planet,,,
El Dorado,,planet,,,
El Giza,,planet,,,
El Kerak,,planet,,,
Electra,,planet,,,
Elektrougli,,planet,,,
Eleusis,,planet,,,
Elidere,,planet,,,
Ellengurg,,planet,,,
Ellijay,,planet,,,
Ellsworth,,planet,,,
Eltanin,,planet,,,
Emerson,,planet,,,
Emporia,,planet,,,
Engadin,,planet,,,
Engadine,,planet,,,
Enkoping,,planet,,,
Entalun,,planet,,,
Enzesfled,,planet,,,
Epsilon,,planet,,,
Epsilonndi,,planet,,,
Erdvynn,,planet,,,
Erewhon,,planet,,,
Eschenberg,,planet,,,
Escobas,,planet,,,
Espakeh,,planet,,,
Esteros,,planet,,,
Esztergom,,planet,,,
Euschelus,,planet,,,
Eustatius,,planet,,,
Evansville,,planet,,,
Evciler,,planet,,,
Everett,,planet,,,
Ewanrigg,,planet,,,
Fadiffolu,,planet,,,
Fagerholm,,planet,,,
Fairfax,,planet,,,
Fairfield,,planet,,,
Fairuza,,planet,,,
Faleolo,,planet,,,
Falsterbo,,planet,,,
Fanardir,,planet,,,
Far Reach,,planet,,,
Farbanti,,planet,,,
Farhome,,planet,,,
Farnsworth,,planet,,,
Farwell,,planet,,,
Fathepur,,planet,,,
Fefferfer,,planet,,,
Fell Wind,,planet,,,
Fellanin,,planet,,,
Fensalir,,planet,,,
Ferihegy,,planet,,,
Ferleiten,,planet,,,
Ferranil,,planet,,,
Ferrara,,planet,,,
Ferreusvirgo,,planet,,,
Fetsund,,planet,,,
Fieferana,,planet,,,
Filtvelt,,planet,,,
Fincastle,,planet,,,
Finmark,,planet,,,
Finnalon,,planet,,,
Finsterwalde,,planet,,,
Firenze,,planet,,,
Firgrove,,planet,,,
Fjernet,,planet,,,
Flatspin,,planet,,,
Fletcher,,planet,,,
Flintoft,,planet,,,
Florarda,,planet,,,
Florida,,planet,,,
Flushing,,planet,,,
Flychenia,,planet,,,
Fomalhaut,,planet,,,
Foochow,,planet,,,
Foot Fall,,planet,,,
Fortymile,,planet,,,
Franklin,,planet,,,
Frankson,,planet,,,
Franmalin,,planet,,,
Fredotto,,planet,,,
Freedom,,planet,,,
Frobisher,,planet,,,
Frondas,,planet,,,
Fuentes,,planet,,,
Fugeres,,planet,,,
Fujidera,,planet,,,
Fukuroi,,planet,,,
Furillo,,planet,,,
Fylovar,,planet,,,
Gabenstad,,planet,,,
Galedon,,planet,,,
Galicia,,planet,,,
Galisteo,,planet,,,
Gallatin,,planet,,,
Gallery,,planet,,,
Gallitzin,,planet,,,
Galuzzo,,planet,,,
Gambarare,,planet,,,
Gambier,,planet,,,
Gambilon,,planet,,,
Gamlestolen,,planet,,,
Gangtok,,planet,,,
Gannett,,planet,,,
Ganshoren,,planet,,,
Gardnaus,,planet,,,
Garotte,,planet,,,
Garrison,,planet,,,
Garstedt,,planet,,,
Gatchina,,planet,,,
Gatekeeper,,planet,,,
Gateway,,planet,,,
Gatineau,,planet,,,
Gethsemane,,planet,,,
Gettorf,,planet,,,
Ghaziabad,,planet,,,
Ghorepani,,planet,,,
Giausar,,planet,,,
Gibraltar,,planet,,,
Gillingham,,planet,,,
Ginestra,,planet,,,
Gingeria,,planet,,,
Girondas,,planet,,,
Gitarama,,planet,,,
Giverny,,planet,,,
Givrodat,,planet,,,
Glabach,,planet,,,
Gladius,,planet,,,
Glasgow,,planet,,,
Glatisant,,planet,,,
Gledina,,planet,,,
Glengarry,,planet,,,
Glenlivet,,planet,,,
Glenmora,,planet,,,
Glentworth,,planet,,,
Glevakha,,planet,,,
Glitnir,,planet,,,
Gniezno,,planet,,,
Goderich,,planet,,,
Goetville,,planet,,,
Goldlure,,planet,,,
Gomeisa,,planet,,,
Gorfynt,,planet,,,
Goubellat,,planet,,,
Gouderak,,planet,,,
Gracemeria,,planet,,,
Granada,,planet,,,
Granera,,planet,,,
Grankum,,planet,,,
Gravenhage,,planet,,,
Gravensteen,,planet,,,
Graystone,,planet,,,
Great Gorge,,planet,,,
Great X,,planet,,,
Greeley,,planet,,,
Green Stone,,planet,,,
Greenlaw,,planet,,,
Greifswald,,planet,,,
Greypearl,,planet,,,
Griffith,,planet,,,
Gronholt,,planet,,,
Grootfontein,,planet,,,
Grossbach,,planet,,,
Grosvenor,,planet,,,
Groveld,,planet,,,
Grumium,,planet,,,
Grunwald,,planet,,,
Gruyeres,,planet,,,
Guangzho,,planet,,,
Guatavita,,planet,,,
Gulf Breeze,,planet,,,
Gulkana,,planet,,,
Gunthar,,planet,,,
Gunzburg,,planet,,,
Gurgaldar,,planet,,,
Gurrnazovo,,planet,,,
Gustrell,,planet,,,
Gwithian,,planet,,,
Gwynedd,,planet,,,
Haappajarvi,,planet,,,
Hachiman,,planet,,,
Haddings,,planet,,,
Hadnall,,planet,,,
Haerhbin,,planet,,,
Haggard,,planet,,,
Hagiwawa,,planet,,,
Hainfeld,,planet,,,
Hakkaido,,planet,,,
Halesowen,,planet,,,
Halfway,,planet,,,
Halgrim,,planet,,,
Halifax,,planet,,,
Halkidik,,planet,,,
Hallelujah,,planet,,,
Halloran,,planet,,,
Hamburg,,planet,,,
Hamilton,,planet,,,
Hanover,,planet,,,
Hanseta,,planet,,,
Hardcore,,planet,,,
Harminous,,planet,,,
Harmony,,planet,,,
Harpster,,planet,,,
Harsefeld,,planet,,,
Hartshill,,planet,,,
Harvest,,planet,,,
Haublan,,planet,,,
Havdhem,,planet,,,
Hawktor,,planet,,,
Haynesville,,planet,,,
Hazeldean,,planet,,,
Hazelhurst,,planet,,,
Heart Fjord,,planet,,,
Heathville,,planet,,,
Hecheng,,planet,,,
Hechnar,,planet,,,
Hednesford,,planet,,,
Heidelburg,,planet,,,
Heidrunn,,planet,,,
Heiligendreuz,,planet,,,
Helbrent,,planet,,,
Helduza,,planet,,,
Helixmar,,planet,,,
Hellespont,,planet,,,
Hellgate,,planet,,,
Hellos Minor,,planet,,,
Helsingfors,,planet,,,
Helvetia,,planet,,,
Helvetica,,planet,,,
Hephzibah,,planet,,,
Herakleion,,planet,,,
Herbania,,planet,,,
Hergazil,,planet,,,
Hermagor,,planet,,,
Herndon,,planet,,,
Herotitus,,planet,,,
Herrmaz,,planet,,,
Herzberg,,planet,,,
Hesperus,,planet,,,
Hiberius,,planet,,,
Hibuarius,,planet,,,
Highspire,,planet,,,
Hildaman,,planet,,,
Hillerod,,planet,,,
Himmels,,planet,,,
Hinckley,,planet,,,
Hindmarsh,,planet,,,
Hiratsuka,,planet,,,
Hirtshals,,planet,,,
Hivrannee,,planet,,,
Hoensbroek,,planet,,,
Hoffnung,,planet,,,
Hohenems,,planet,,,
Holdout,,planet,,,
Hollabrunn,,planet,,,
Holloway,,planet,,,
Holmsbu,,planet,,,
Homebase,,planet,,,
Homestead,,planet,,,
Hongqiao,,planet,,,
Hoonaar,,planet,,,
Horatius,,planet,,,
Horgens,,planet,,,
Horneburg,,planet,,,
Horsham,,planet,,,
Hortense,,planet,,,
Hot Springs,,planet,,,
Housekarle,,planet,,,
Hoyleton,,planet,,,
Huanghuadian,,planet,,,
Hudeiba,,planet,,,
Huntington,,planet,,,
Huntress,,planet,,,
Hustaing,,planet,,,
Hyalite,,planet,,,
Hyperion,,planet,,,
Ibstock,,planet,,,
Ichlangis,,planet,,,
Ichmandu,,planet,,,
Idlewind,,planet,,,
Idrmach,,planet,,,
Igualada,,planet,,,
Iknogoro,,planet,,,
Ildrong,,planet,,,
Illiushin,,planet,,,
Illyria,,planet,,,
Ilmachna,,planet,,,
Imbrial,,planet,,,
Immenstadt,,planet,,,
Inchicore,,planet,,,
Incukalns,,planet,,,
Independence,,planet,,,
Indicass,,planet,,,
Indrapurai,,planet,,,
Ingenstrem,,planet,,,
Ingersoll,,planet,,,
Inglesmond,,planet,,,
Ingonish,,planet,,,
Ingress,,planet,,,
Ingvolstand,,planet,,,
Ipswich,,planet,,,
Ironhold,,planet,,,
Irurzun,,planet,,,
Isabela,,planet,,,
Isesaki,,planet,,,
Isfahan,,planet,,,
Islamabad,,planet,,,
Islington,,planet,,,
Itabaiana,,planet,,,
Itzehoe,,planet,,,
Jaboatao,,planet,,,
Jacobabad,,planet,,,
Jacomarle,,planet,,,
Jamestown,,planet,,,
Jardangal,,planet,,,
Jardine,,planet,,,
Jasmine,,planet,,,
Jatznik,,planet,,,
Jaumegarde,,planet,,,
Jeanette,,planet,,,
Jeppens,,planet,,,
Jerangle,,planet,,,
Jeronimo,,planet,,,
Jesenice,,planet,,,
Jezersko,,planet,,,
Jia Tian,,planet,,,
Jodipur,,planet,,,
Johnson,,planet,,,
Johnsondale,,planet,,,
Jonathan,,planet,,,
Jordan Wais,,planet,,,
Josselin,,planet,,,
Jouques,,planet,,,
Juazeiro,,planet,,,
Junction,,planet,,,
Jungar Qi,,planet,,,
Kaesong,,planet,,,
Kafr Silim,,planet,,,
Kagoshima,,planet,,,
Kaguyak,,planet,,,
Kaifeng,,planet,,,
Kaitangata,,planet,,,
Kajikazawa,,planet,,,
Kalidasa,,planet,,,
Kamarod,,planet,,,
Kandersteg,,planet,,,
Kanowit,,planet,,,
Kapoeta,,planet,,,
Karachi,,planet,,,
Karakiraz,,planet,,,
Karbala,,planet,,,
Karkkila,,planet,,,
Karlstejn,,planet,,,
Karpathos,,planet,,,
Karston,,planet,,,
Kasdach,,planet,,,
Kashilla,,planet,,,
Katinka,,planet,,,
Katlehong,,planet,,,
Kaufermann,,planet,,,
Kaumberg,,planet,,,
Kautokeino,,planet,,,
Kazanka,,planet,,,
Kaznejoy,,planet,,,
Keeling,,planet,,,
Keihoku,,planet,,,
Kelenfold,,planet,,,
Kempten,,planet,,,
Kendall,,planet,,,
Kenilworth,,planet,,,
Kennard,,planet,,,
Kentares,,planet,,,
Kentwood,,planet,,,
Kestrel,,planet,,,
Kettering,,planet,,,
Keuterville,,planet,,,
Keystone,,planet,,,
Keytesville,,planet,,,
Khanquest,,planet,,,
Khartoum,,planet,,,
Khon Kaen,,planet,,,
Ki Zoban,,planet,,,
Kievanur,,planet,,,
Kigamboni,,planet,,,
Kilarney,,planet,,,
Kilbourne,,planet,,,
Killarney,,planet,,,
Killbourn,,planet,,,
Kilmarnock,,planet,,,
Kimball,,planet,,,
Kinbrace,,planet,,,
Kingtribel,,planet,,,
Kinkaid,,planet,,,
Kirbyville,,planet,,,
Kirchbach,,planet,,,
Kirei Na Niwa,,planet,,,
Kirkcaldy,,planet,,,
Kirkenlaard,,planet,,,
Kirklin,,planet,,,
Kiserian,,planet,,,
Kitopler,,planet,,,
Kittery,,planet,,,
Kitzingen,,planet,,,
Kladnitsa,,planet,,,
Klamriz,,planet,,,
Klathandu,,planet,,,
Kleinwelt,,planet,,,
Klenkar,,planet,,,
Knechee,,planet,,,
Knutdor,,planet,,,
Knutstad,,planet,,,
Kockengen,,planet,,,
Kohlman,,planet,,,
Kokpekty,,planet,,,
Kolobrzeg,,planet,,,
Kolovraty,,planet,,,
Komephoros,,planet,,,
Konopiste,,planet,,,
Konstance,,planet,,,
Koping Chian,,planet,,,
Korramabad,,planet,,,
Korvitz,,planet,,,
Kosciusko,,planet,,,
Koskenkorva,,planet,,,
Kostinbrod,,planet,,,
Kotzebue,,planet,,,
Kountze,,planet,,,
Kowloon,,planet,,,
Krakatau,,planet,,,
Kreller,,planet,,,
Krenice,,planet,,,
Krievci,,planet,,,
Krimari,,planet,,,
Kristiandsund,,planet,,,
Krung Thep,,planet,,,
Kublenz,,planet,,,
Kufstein,,planet,,,
Kumqwat,,planet,,,
Kurragin,,planet,,,
Kurvasa,,planet,,,
Kutludugun,,planet,,,
Kvistgard,,planet,,,
Kwamashu,,planet,,,
Kwangchowwang,,planet,,,
Kwangjong-ni,,planet,,,
Kyeinnisan,,planet,,,
Kyrkbacken,,planet,,,
Köningsberg,,planet,,,
La Grave,,planet,,,
La Ligua,,planet,,,
Labbezanga,,planet,,,
Labouchere,,planet,,,
Lacadon,,planet,,,
Lackhove,,planet,,,
Laconis,,planet,,,
Lafayette,,planet,,,
Lambrecht,,planet,,,
Lancaster,,planet,,,
Langhorne,,planet,,,
Las Tunas,,planet,,,
Last Chance,,planet,,,
Last Frontier,,planet,,,
Lastpost,,planet,,,
Laureles,,planet,,,
Laurent,,planet,,,
Laurieston,,planet,,,
Layover,,planet,,,
Le Blanc,,planet,,,
Leamington,,planet,,,
Leganes,,planet,,,
Leipsic,,planet,,,
Leiston,,planet,,,
Lengkong,,planet,,,
Lepaterique,,planet,,,
Les Halles,,planet,,,
Lesalles,,planet,,,
Leskovik,,planet,,,
Lesnovo,,planet,,,
Leximon,,planet,,,
Lexington,,planet,,,
Liberty,,planet,,,
Lincoln,,planet,,,
Lindassa,,planet,,,
Lindenmarle,,planet,,,
Lindsay,,planet,,,
Linhauiguan,,planet,,,
Linneus,,planet,,,
Linqing,,planet,,,
Listowel,,planet,,,
Ljugarn,,planet,,,
Lochmantle,,planet,,,
Lockdale,,planet,,,
Lockton,,planet,,,
Loeches,,planet,,,
Logan Prime,,planet,,,
Logandale,,planet,,,
Lonaconing,,planet,,,
Londerholm,,planet,,,
Loongana,,planet,,,
Loparri,,planet,,,
Lordinax,,planet,,,
Lorkdal,,planet,,,
Lothair,,planet,,,
Lothario,,planet,,,
Lovinac,,planet,,,
Loyalty,,planet,,,
Loysville,,planet,,,
Lucerne,,planet,,,
Lucianca,,planet,,,
Lucknow,,planet,,,
Luderitz,,planet,,,
Ludwigshafen,,planet,,,
Lumen,,planet,,,
Lummatii,,planet,,,
Lurgatan,,planet,,,
Lushann,,planet,,,
Luthien,,planet,,,
Luzerne,,planet,,,
Lynchburg,,planet,,,
Lyreton,,planet,,,
Machapuchre,,planet,,,
Machida,,planet,,,
Macintosh,,planet,,,
Mackenzie,,planet,,,
Mackolla,,planet,,,
Macksburg,,planet,,,
Maderas,,planet,,,
Maharet,,planet,,,
Maisons,,planet,,,
Malacca,,planet,,,
Maladar,,planet,,,
Malagrotta,,planet,,,
Malazan,,planet,,,
Maldive,,planet,,,
Maldonado,,planet,,,
Manapire,,planet,,,
Manaringaine,,planet,,,
Manassas,,planet,,,
Mandalas,,planet,,,
Mandaoaaru,,planet,,,
Mandaree,,planet,,,
Mandate,,planet,,,
Mandeville,,planet,,,
Manennaia,,planet,,,
Manihiki,,planet,,,
Mankova,,planet,,,
Manksville,,planet,,,
Mannedorf,,planet,,,
Manotick,,planet,,,
Mansfield,,planet,,,
Mansu-ri,,planet,,,
Mante,,planet,,,
Manteno,,planet,,,
Marantha,,planet,,,
Marathon,,planet,,,
Mariefred,,planet,,,
Marielund,,planet,,,
Marisura,,planet,,,
Maritgues,,planet,,,
Markesan,,planet,,,
Marknick,,planet,,,
Marlette,,planet,,,
Marodzi,,planet,,,
Marsalle,,planet,,,
Marshall,,planet,,,
Marshdale,,planet,,,
Masterson,,planet,,,
Masterton,,planet,,,
Matamoras,,planet,,,
Matheran,,planet,,,
Matsuida,,planet,,,
Mattisskogen,,planet,,,
Mauckport,,planet,,,
Mauna Loa,,planet,,,
Mauripur,,planet,,,
Maximillian,,planet,,,
Maxwell,,planet,,,
Mayenne,,planet,,,
Mayetta,,planet,,,
Maynard,,planet,,,
Meacham,,planet,,,
Meadowvale,,planet,,,
Mechdur,,planet,,,
Medellin,,planet,,,
Megarez,,planet,,,
Megaris,,planet,,,
Megiddo,,planet,,,
Meinacos,,planet,,,
Meinhof,,planet,,,
Meinrad,,planet,,,
Mejicanos,,planet,,,
Melcher,,planet,,,
Melidron,,planet,,,
Melilla,,planet,,,
Melissia,,planet,,,
Melville,,planet,,,
Memmingen,,planet,,,
Memphis,,planet,,,
Mendham,,planet,,,
Menkalinan,,planet,,,
Menkent,,planet,,,
Mentasta,,planet,,,
Mercedes,,planet,,,
Meribah,,planet,,,
Merlynpede,,planet,,,
Mermentau,,planet,,,
Merowinger,,planet,,,
Mersa Matruh,,planet,,,
Mesa Verde,,planet,,,
Mesartim,,planet,,,
Mesozoa,,planet,,,
Mezzana,,planet,,,
Miaplacidus,,planet,,,
Michtal,,planet,,,
Mickleover,,planet,,,
Midkiff,,planet,,,
Midthun,,planet,,,
Millerton,,planet,,,
Milligan,,planet,,,
Millray,,planet,,,
Millungera,,planet,,,
Milnerton,,planet,,,
Milvano,,planet,,,
Minakuchi,,planet,,,
Minderoo,,planet,,,
Mindrel,,planet,,,
Minette,,planet,,,
Minnacora,,planet,,,
Miquelon,,planet,,,
Mishkadrill,,planet,,,
Mississauga,,planet,,,
Mitchel,,planet,,,
Mitchella,,planet,,,
Mithron,,planet,,,
Miyazaki,,planet,,,
Mizdargh,,planet,,,
Mizunami,,planet,,,
Mkuranga,,planet,,,
Modesto,,planet,,,
Mogabouti,,planet,,,
Mogyorod,,planet,,,
Molokai,,planet,,,
Monhegan,,planet,,,
Monistrol,,planet,,,
Monongahela,,planet,,,
Montcoal,,planet,,,
Monthey,,planet,,,
Montmarault,,planet,,,
Montour,,planet,,,
Montsegur,,planet,,,
Moravian,,planet,,,
Mordialloc,,planet,,,
Moriguchi,,planet,,,
Morningside,,planet,,,
Moroney,,planet,,,
Morrigan,,planet,,,
Morrill,,planet,,,
Morthac,,planet,,,
Mostaganem,,planet,,,
Moultrie,,planet,,,
Mozirje,,planet,,,
Mualang,,planet,,,
Mundrabilla,,planet,,,
Muphrid,,planet,,,
Murchison,,planet,,,
Muridox,,planet,,,
Murmansk,,planet,,,
Murrain,,planet,,,
Muscida,,planet,,,
Muskegon,,planet,,,
Muswell,,planet,,,
Myrrdin,,planet,,,
Myrvoll,,planet,,,
Mystras,,planet,,,
Mytilene,,planet,,,
Nai-Stohl,,planet,,,
Naikongzu,,planet,,,
Naissus,,planet,,,
Naka Pabni,,planet,,,
Nakaojo,,planet,,,
Nam Dinh,,planet,,,
Nanking,,planet,,,
Narellan,,planet,,,
Nashira,,planet,,,
Nashuar,,planet,,,
Navarre,,planet,,,
Necedah,,planet,,,
Necromo,,planet,,,
Neerabup,,planet,,,
Negushevo,,planet,,,
Neukirchen,,planet,,,
Newcastle,,planet,,,
Newndia,,planet,,,
Newvaarsen,,planet,,,
Nexus Ri,,planet,,,
Niangol,,planet,,,
Nightwish,,planet,,,
Ningxia,,planet,,,
Niomede,,planet,,,
Niquinohomo,,planet,,,
Nirasaki,,planet,,,
Nishapur,,planet,,,
No Return,,planet,,,
Nockatunga,,planet,,,
Nogales,,planet,,,
Noisiel,,planet,,,
Non Diz,,planet,,,
Norfolk,,planet,,,
Northwind,,planet,,,
Notwina,,planet,,,
Nouasseur,,planet,,,
Nova Roma,,planet,,,
Novaya Zemlya,,planet,,,
Novgorod,,planet,,,
Nowhere,,planet,,,
Nullarbor,,planet,,,
Numenor,,planet,,,
Nuncavoy,,planet,,,
Nuneaton,,planet,,,
Nunivak,,planet,,,
Nusakan,,planet,,,
Nyamlell,,planet,,,
Nykvarn,,planet,,,
Nyserta,,planet,,,
Nyurteih,,planet,,,
Obrenovac,,planet,,,
Odabasi,,planet,,,
Odawara,,planet,,,
Offerman,,planet,,,
Ogilvie,,planet,,,
Ohrensen,,planet,,,
Okchabursk,,planet,,,
Okefenokee,,planet,,,
Olafsvik,,planet,,,
Olancha,,planet,,,
Old Canton,,planet,,,
Oldsmith,,planet,,,
Oltepesi,,planet,,,
Onverwacht,,planet,,,
Orbisonia,,planet,,,
Orestes,,planet,,,
Oriente,,planet,,,
Ormstown,,planet,,,
Ortara,,planet,,,
Osmus Saar,,planet,,,
Otisberg,,planet,,,
Ottumwa,,planet,,,
Ouagadougou,,planet,,,
Outreach,,planet,,,
Overton,,planet,,,
Oyevaina,,planet,,,
Pacifica,,planet,,,
Pajarito,,planet,,,
Palladaine,,planet,,,
Palladix,,planet,,,
Palmyra,,planet,,,
Pandora,,planet,,,
Pangkalan,,planet,,,
Panjang,,planet,,,
Panpour,,planet,,,
Paracale,,planet,,,
Paradise,,planet,,,
Paraiso,,planet,,,
Parakoila,,planet,,,
Pardeau,,planet,,,
Park Place,,planet,,,
Pascagoula,,planet,,,
Pasemah,,planet,,,
Pattison,,planet,,,
Pattonsbrug,,planet,,,
Paulding,,planet,,,
Paulinus,,planet,,,
Payvand,,planet,,,
Peabody,,planet,,,
Peacock,,planet,,,
Pencader,,planet,,,
Penobscot,,planet,,,
Pentvar,,planet,,,
Peratallada,,planet,,,
Perdido,,planet,,,
Perdition,,planet,,,
Perkasie,,planet,,,
Persistence,,planet,,,
Petrolia,,planet,,,
Phaeton,,planet,,,
Pherkad,,planet,,,
Philadelphia,,planet,,,
Piedmont,,planet,,,
Pilkhua,,planet,,,
Pillory,,planet,,,
Pilpala,,planet,,,
Pingree,,planet,,,
Pinnacle,,planet,,,
Pirates Haven,,planet,,,
Piriapolis,,planet,,,
Placida,,planet,,,
Planting,,planet,,,
Plataea,,planet,,,
Pleione,,planet,,,
Plymouth,,planet,,,
Pocologan,,planet,,,
Point Barrow,,planet,,,
Pokhara,,planet,,,
Polcenigo,,planet,,,
Polybius,,planet,,,
Pondicherry,,planet,,,
Porrima,,planet,,,
Porthos,,planet,,,
Potwin,,planet,,,
Poulsbo,,planet,,,
Poznan,,planet,,,
Praxton,,planet,,,
Predlitz,,planet,,,
Premana,,planet,,,
Pressby,,planet,,,
Pressville,,planet,,,
Preston,,planet,,,
Principia,,planet,,,
Princton,,planet,,,
Prinis Prime,,planet,,,
Priori,,planet,,,
Procyon,,planet,,,
Propus,,planet,,,
Proserpina,,planet,,,
Protection,,planet,,,
Prydain,,planet,,,
Puttalam,,planet,,,
Pyrrhus,,planet,,,
Qanatir,,planet,,,
Qandahar,,planet,,,
Qarahta,,planet,,,
Qualip,,planet,,,
Quarell,,planet,,,
Quatre Belle,,planet,,,
Quelimane,,planet,,,
Quemoy,,planet,,,
Quentin,,planet,,,
Quiberas,,planet,,,
Quilino,,planet,,,
Quimberton,,planet,,,
Quimper,,planet,,,
Quincy,,planet,,,
Quines,,planet,,,
Quittacas,,planet,,,
Qurayyat,,planet,,,
Raballa,,planet,,,
Radlje,,planet,,,
Radostov,,planet,,,
Radstadt,,planet,,,
Raetia,,planet,,,
Ragusa,,planet,,,
Rajkot,,planet,,,
Raldamax,,planet,,,
Ramgarh,,planet,,,
Ramona,,planet,,,
Ramora,,planet,,,
Ramsau,,planet,,,
Ramsey,,planet,,,
Randar,,planet,,,
Randis,,planet,,,
Raphael,,planet,,,
Rasalas,,planet,,,
Rasalgethi,,planet,,,
Rasalhague,,planet,,,
Rastaban,,planet,,,
Recife,,planet,,,
Redfield,,planet,,,
Redmill,,planet,,,
Redondo,,planet,,,
Regis Roost,,planet,,,
Regulus,,planet,,,
Reinbak,,planet,,,
Reinhardstein,,planet,,,
Reisterstown,,planet,,,
Relevow,,planet,,,
Remagen,,planet,,,
Remshield,,planet,,,
Remulac,,planet,,,
Renfield,,planet,,,
Rennes,,planet,,,
Renorsal,,planet,,,
Renown,,planet,,,
Renren,,planet,,,
Repulse,,planet,,,
Restitution,,planet,,,
Revivim,,planet,,,
Rexburg,,planet,,,
Reykavis,,planet,,,
Rhodos,,planet,,,
Richmond,,planet,,,
Richvale,,planet,,,
Ridderkerk,,planet,,,
Ridgebrook,,planet,,,
Rijeka,,planet,,,
Roadside,,planet,,,
Robinson,,planet,,,
Robsart,,planet,,,
Rochelle,,planet,,,
Rochers,,planet,,,
Rochester,,planet,,,
Rockwellawan,,planet,,,
Rodigo,,planet,,,
Rohinjan,,planet,,,
Rollis,,planet,,,
Romita,,planet,,,
Romulus,,planet,,,
Rondane,,planet,,,
Rondon,,planet,,,
Rosamond,,planet,,,
Roscoff,,planet,,,
Rosendal,,planet,,,
Rosepine,,planet,,,
Rosetta,,planet,,,
Rosice,,planet,,,
Rosiclare,,planet,,,
Roskan,,planet,,,
Roxborough,,planet,,,
Royal Fox,,planet,,,
Royalston,,planet,,,
Rubigen,,planet,,,
Ruchbah,,planet,,,
Rudolpho,,planet,,,
Rukbat,,planet,,,
Runrig,,planet,,,
Ruschegg,,planet,,,
Rushaven,,planet,,,
Ryans Fate,,planet,,,
Ryerson,,planet,,,
Rypful,,planet,,,
Rzhishchev,,planet,,,
Saaremaa,,planet,,,
Sabanillas,,planet,,,
Sackville,,planet,,,
Sacromonte,,planet,,,
Sadachbia,,planet,,,
Sadalbari,,planet,,,
Sadurni,,planet,,,
Saffel,,planet,,,
Saggina,,planet,,,
Saginaw,,planet,,,
Saidia,,planet,,,
Sakhalin,,planet,,,
Sakhara,,planet,,,
Sakuranoki,,planet,,,
Salardion,,planet,,,
Salford,,planet,,,
Salisberg,,planet,,,
Salonika,,planet,,,
Saltillo,,planet,,,
Saltural,,planet,,,
Saltville,,planet,,,
Salvende,,planet,,,
Samantha,,planet,,,
San Carlos,,planet,,,
San Nicolas,,planet,,,
Sanilac,,planet,,,
Santana,,planet,,,
Santander,,planet,,,
Santiago,,planet,,,
Sanurcha,,planet,,,
Saonara,,planet,,,
Sapienza,,planet,,,
Sappho,,planet,,,
Sappir,,planet,,,
Saravan,,planet,,,
Sardis,,planet,,,
Sargasso,,planet,,,
Sarikavak,,planet,,,
Sarkel,,planet,,,
Sarmaxa,,planet,,,
Sarpsborg,,planet,,,
Satalice,,planet,,,
Saunemin,,planet,,,
Savinsville,,planet,,,
Savonburg,,planet,,,
Sawyer,,planet,,,
Scarborough,,planet,,,
Scauld,,planet,,,
Scheat,,planet,,,
Schedar,,planet,,,
Schererville,,planet,,,
Scheuerheck,,planet,,,
Schiedam,,planet,,,
Schirmeck,,planet,,,
Schmitt,,planet,,,
Schrim,,planet,,,
Schuyler,,planet,,,
Schwartz,,planet,,,
Scituate,,planet,,,
Scudder,,planet,,,
Segerica,,planet,,,
Seginus,,planet,,,
Seiduts,,planet,,,
Sekulmun,,planet,,,
Selatapura,,planet,,,
Semenyih,,planet,,,
Semichi,,planet,,,
Sendai,,planet,,,
Sendalor,,planet,,,
Senftenberg,,planet,,,
Senorbi,,planet,,,
Sentarus,,planet,,,
Seraphi,,planet,,,
Serenity,,planet,,,
Sertar,,planet,,,
Setubal,,planet,,,
Seuta Bimyeong,,planet,,,
Sevren,,planet,,,
Shadow,,planet,,,
Shady Palms,,planet,,,
Shahhat,,planet,,,
Shahr Kord,,planet,,,
Shalaine,,planet,,,
Shaobuon,,planet,,,
Shardayne,,planet,,,
Sharpe,,planet,,,
Sharqah,,planet,,,
Shasta,,planet,,,
Shaul Khala,,planet,,,
Shaula,,planet,,,
Shaunavon,,planet,,,
Shawnee,,planet,,,
Sheliak,,planet,,,
Shensi,,planet,,,
Shenwan,,planet,,,
Sheridan,,planet,,,
Sherwood,,planet,,,
Shibukawa,,planet,,,
Shiloh,,planet,,,
Shimoda,,planet,,,
Shimonita,,planet,,,
Shimonoseki,,planet,,,
Shimosuwa,,planet,,,
Shinonoi,,planet,,,
Shionoha,,planet,,,
Shirotori,,planet,,,
Shitara,,planet,,,
Shoreham,,planet,,,
Shubuta,,planet,,,
Shuen Wan,,planet,,,
Sialkot,,planet,,,
Sichuan,,planet,,,
Siendou,,planet,,,
Sierpc,,planet,,,
Sierra,,planet,,,
Sighisoara,,planet,,,
Sigma Mare,,planet,,,
Sikkim,,planet,,,
Silence,,planet,,,
Sileste,,planet,,,
Silkeborg,,planet,,,
Silvat,,planet,,,
Silver,,planet,,,
Simancas,,planet,,,
Simferopol,,planet,,,
Simone,,planet,,,
Sinclair,,planet,,,
Sindalin,,planet,,,
Sinope,,planet,,,
Sirdar,,planet,,,
Sirius,,planet,,,
Skallevoll,,planet,,,
Skandia,,planet,,,
Skaslien,,planet,,,
Skepptana,,planet,,,
Skokie,,planet,,,
Skondia,,planet,,,
Skvorec,,planet,,,
Skyfog,,planet,,,
Slaithwaite,,planet,,,
Slewis,,planet,,,
Slocum,,planet,,,
Smithon,,planet,,,
Smolensk,,planet,,,
Smolnik,,planet,,,
Smythe,,planet,,,
Snailzar,,planet,,,
Snowdon,,planet,,,
Sodertalje,,planet,,,
Soilihull,,planet,,,
Solaris,,planet,,,
Somerset,,planet,,,
Son Hoa,,planet,,,
Songgang,,planet,,,
Sophos,,planet,,,
Sornath,,planet,,,
Sorunda,,planet,,,
Soverzene,,planet,,,
Sparrevohn,,planet,,,
Sparta,,planet,,,
Spencer,,planet,,,
Spittal,,planet,,,
Staffin,,planet,,,
Stafford,,planet,,,
Stanley,,planet,,,
Stantsiya,,planet,,,
Stanzach,,planet,,,
Stapelfeld,,planet,,,
Steeles,,planet,,,
Steelton,,planet,,,
Steinhatchee,,planet,,,
Stellaris,,planet,,,
Sterling,,planet,,,
Sterlington,,planet,,,
Sternwerde,,planet,,,
Sterope,,planet,,,
Stettin,,planet,,,
Stewart,,planet,,,
Stirling,,planet,,,
Stockpoll,,planet,,,
Stonarboi,,planet,,,
Storfors,,planet,,,
Stotzing,,planet,,,
Stralsund,,planet,,,
Strana Mechty,,planet,,,
Strandfontein,,planet,,,
Stratford,,planet,,,
Strato Domingo,,planet,,,
Strawn,,planet,,,
Streator,,planet,,,
Sturganos,,planet,,,
Sturgis,,planet,,,
Styriania,,planet,,,
Suda Bay,,planet,,,
Sudentor,,planet,,,
Sudeten,,planet,,,
Suetonius,,planet,,,
Suianheer,,planet,,,
Sulafat,,planet,,,
Sullivan,,planet,,,
Summer,,planet,,,
Summerstide,,planet,,,
Summit,,planet,,,
Sun Prairie,,planet,,,
Sunchon,,planet,,,
Sunnywood,,planet,,,
Surcin,,planet,,,
Susquehanna,,planet,,,
Susulatna,,planet,,,
Sutama,,planet,,,
Suzano,,planet,,,
Svalstad,,planet,,,
Svarstaad,,planet,,,
Svelvik,,planet,,,
Sverdlovsk,,planet,,,
Svinngarn,,planet,,,
Swales,,planet,,,
Swartklip,,planet,,,
Sweet Water,,planet,,,
Sylvan,,planet,,,
Symington,,planet,,,
Symsonia,,planet,,,
Synsstad,,planet,,,
Szepes,,planet,,,
Szombathely,,planet,,,
Tabayama,,planet,,,
Tadjoura,,planet,,,
Tainjin,,planet,,,
Takata,,planet,,,
Talcott,,planet,,,
Talisker,,planet,,,
Talitha,,planet,,,
Tall Trees,,planet,,,
Tallassee,,planet,,,
Tallin,,planet,,,
Tallmadge,,planet,,,
Tamarind,,planet,,,
Tamaron,,planet,,,
Tamsalu,,planet,,,
Tancredi,,planet,,,
Tangipahoa,,planet,,,
Tangua,,planet,,,
Tanh Linh,,planet,,,
Tannil,,planet,,,
Tansalir,,planet,,,
Tantallon,,planet,,,
Tantara,,planet,,,
Tapachula,,planet,,,
Tapihue,,planet,,,
Tarazed,,planet,,,
Tarkio,,planet,,,
Tarnby,,planet,,,
Tarragona,,planet,,,
Tathis,,planet,,,
Tatlawiksuk,,planet,,,
Tatopani,,planet,,,
Tatsuno,,planet,,,
Tau Ceti,,planet,,,
Taumaturgo,,planet,,,
Taurus,,planet,,,
Taygeta,,planet,,,
Taygete,,planet,,,
Tazaraki,,planet,,,
Tchamba,,planet,,,
Tecumseh,,planet,,,
Tedibyhr,,planet,,,
Tegaldanas,,planet,,,
Tematagi,,planet,,,
Tengil,,planet,,,
Teniente,,planet,,,
Tentativa,,planet,,,
Tetersen,,planet,,,
Tetschner,,planet,,,
Tetski,,planet,,,
Texlos,,planet,,,
Teylingen,,planet,,,
Teyvareb,,planet,,,
Thamel,,planet,,,
Thannhausen,,planet,,,
Tharkad,,planet,,,
Thasos,,planet,,,
The Edge,,planet,,,
The Rack,,planet,,,
The Rock,,planet,,,
Thermopolis,,planet,,,
Thessalonika,,planet,,,
Thestria,,planet,,,
Thibodaux,,planet,,,
Thimphu,,planet,,,
Thomas,,planet,,,
Thorin,,planet,,,
Thraxa,,planet,,,
Thuban,,planet,,,
Thurrock,,planet,,,
Tianamon,,planet,,,
Tibolt,,planet,,,
Tiflis,,planet,,,
Tigress,,planet,,,
Tikonov,,planet,,,
Timbiqui,,planet,,,
Timbuktu,,planet,,,
Timehri,,planet,,,
Timkovichi,,planet,,,
Tinaca,,planet,,,
Tincalunas,,planet,,,
Tintavel,,planet,,,
Tirabad,,planet,,,
Tiruppur,,planet,,,
Tishomingo,,planet,,,
Tiskilwa,,planet,,,
Titanico,,planet,,,
Tiverton,,planet,,,
Toch Zu,,planet,,,
Toffen,,planet,,,
Togura,,planet,,,
Togwotee,,planet,,,
Tohelet,,planet,,,
Tok Do,,planet,,,
Tokasha,,planet,,,
Tomalov,,planet,,,
Tomans,,planet,,,
Tongatapu,,planet,,,
Tordenskjold,,planet,,,
Torgvei,,planet,,,
Tormentine,,planet,,,
Torrence,,planet,,,
Tortuga,,planet,,,
Totness,,planet,,,
Tottori,,planet,,,
Tovetin,,planet,,,
Tranquil,,planet,,,
Trasjkis,,planet,,,
Traussin,,planet,,,
Trelleborg,,planet,,,
Trellisane,,planet,,,
Trellwan,,planet,,,
Trentham,,planet,,,
Trentwash,,planet,,,
Tresspass,,planet,,,
Triesting,,planet,,,
Trimaldix,,planet,,,
Trinidad,,planet,,,
Tripoli,,planet,,,
Trisha,,planet,,,
Trondheim,,planet,,,
Trondheimal,,planet,,,
Tsamma,,planet,,,
Tsanna,,planet,,,
Tsarahavana,,planet,,,
Tsinan,,planet,,,
Tsinghai,,planet,,,
Tsingtao,,planet,,,
Tsitsang,,planet,,,
Tsukude,,planet,,,
Tuamotu,,planet,,,
Tukayyid,,planet,,,
Tumbleweed,,planet,,,
Tunlmar,,planet,,,
Turinge,,planet,,,
Turkalia,,planet,,,
Tuscarawas,,planet,,,
Twilight,,planet,,,
Twycross,,planet,,,
Tybalt,,planet,,,
Tylarzka,,planet,,,
Tyrfing,,planet,,,
Tyrlon,,planet,,,
Tyrrhenia,,planet,,,
Ubangi,,planet,,,
Ukunela,,planet,,,
Ullieri,,planet,,,
Ulubis,,planet,,,
Ulvskollen,,planet,,,
Ulysses,,planet,,,
Umgard,,planet,,,
Umijiri,,planet,,,
Unkador,,planet,,,
Unukalhai,,planet,,,
Unzmarkt,,planet,,,
Uravan,,planet,,,
Urgenj,,planet,,,
Urjala,,planet,,,
Utrecht,,planet,,,
Uzhgorod,,planet,,,
Vaajakoski,,planet,,,
Vackisujfalu,,planet,,,
Vakarel,,planet,,,
Valabhi,,planet,,,
Valasha,,planet,,,
Valdis,,planet,,,
Valdives,,planet,,,
Valencia,,planet,,,
Valentina,,planet,,,
Valerius,,planet,,,
Valexa,,planet,,,
Valhalla,,planet,,,
Valladolid,,planet,,,
Valloire,,planet,,,
Valmiera,,planet,,,
Valois,,planet,,,
Van Diemen,,planet,,,
Van Zandt,,planet,,,
Vandalia,,planet,,,
Vanern,,planet,,,
Vangburg,,planet,,,
Vannes,,planet,,,
Vantaa,,planet,,,
Vargtass,,planet,,,
Vaucluse,,planet,,,
Vecchio,,planet,,,
Veckholm,,planet,,,
Velhas,,planet,,,
Venaria,,planet,,,
Vendrell,,planet,,,
Ventabren,,planet,,,
Verdigreis,,planet,,,
Verdinge,,planet,,,
Vereeniging,,planet,,,
Vermezzo,,planet,,,
Versailles,,planet,,,
Verthandi,,planet,,,
Vestallas,,planet,,,
Viborg,,planet,,,
Vibrunum,,planet,,,
Vicente,,planet,,,
Victoria,,planet,,,
Victralla,,planet,,,
Vihtijarvi,,planet,,,
Vikindu,,planet,,,
Villanueva,,planet,,,
Viluisk,,planet,,,
Vindemiatrix,,planet,,,
Vinstra,,planet,,,
Vinton,,planet,,,
Vintru,,planet,,,
Vipaava,,planet,,,
Virentofta,,planet,,,
Viribium,,planet,,,
Viroflay,,planet,,,
Virtue,,planet,,,
Vistoc,,planet,,,
Vitoze,,planet,,,
Volders,,planet,,,
Vorarlberg,,planet,,,
Vortalcoy,,planet,,,
Vorzel,,planet,,,
Vosloorus,,planet,,,
Waddesdon,,planet,,,
Waimalu,,planet,,,
Waini Point,,planet,,,
Waipahu,,planet,,,
Waitur,,planet,,,
Waldheim,,planet,,,
Waldorff,,planet,,,
Wallacia,,planet,,,
Wallis,,planet,,,
Wantorill,,planet,,,
Wapakoneta,,planet,,,
Wappingers,,planet,,,
Warlock,,planet,,,
Warren,,planet,,,
Warrumbungle,,planet,,,
Washburn,,planet,,,
Watermael,,planet,,,
Waunakee,,planet,,,
Waxell,,planet,,,
Waycross,,planet,,,
Waypoint,,planet,,,
Wayside,,planet,,,
Weatogue,,planet,,,
Wedderborg,,planet,,,
Wedgefield,,planet,,,
Weekapaug,,planet,,,
Weingarten,,planet,,,
Weippe,,planet,,,
Weisau,,planet,,,
Weistheimer,,planet,,,
Weitinger,,planet,,,
Weldon,,planet,,,
Weldry,,planet,,,
Werfer,,planet,,,
Wernke,,planet,,,
Westerhand,,planet,,,
Westerstede,,planet,,,
Westfield,,planet,,,
Westover,,planet,,,
Westphalia,,planet,,,
Wetumpka,,planet,,,
Whittington,,planet,,,
Wildcat,,planet,,,
Wildwood,,planet,,,
Wilkes,,planet,,,
Willowick,,planet,,,
Willunga,,planet,,,
Wiltshire,,planet,,,
Windhoek,,planet,,,
Windsor,,planet,,,
Winfield,,planet,,,
Wingzar,,planet,,,
Winter,,planet,,,
Wisconsin,,planet,,,
Wismar,,planet,,,
Wittington,,planet,,,
Wolcott,,planet,,,
Woodbine,,planet,,,
Woodstock,,planet,,,
Worrell,,planet,,,
Wrentham,,planet,,,
Wright,,planet,,,
Wrociaw,,planet,,,
Wroxeter,,planet,,,
Wypoute,,planet,,,
Xanthe,,planet,,,
Xinyang,,planet,,,
Yalumth,,planet,,,
Yamarovka,,planet,,,
Yamoussoukra,,planet,,,
Yanchep,,planet,,,
Yangtze,,planet,,,
Yardley,,planet,,,
Yeguas,,planet,,,
Yidtall,,planet,,,
Ylemelke,,planet,,,
Yumesta,,planet,,,
Yunnah,,planet,,,
Zacatecoluca,,planet,,,
Zalzangor,,planet,,,
Zambezi,,planet,,,
Zanbasa,,planet,,,
Zanderij,,planet,,,
Zangul,,planet,,,
Zaniah,,planet,,,
Zanzibar,,planet,,,
Zaprudy,,planet,,,
Zathras,,planet,,,
Zaurak,,planet,,,
Zavijava,,planet,,,
Zawiercie,,planet,,,
Zebebelgenubi,,planet,,,
Zebeneschamali,,planet,,,
Zebrenaski,,planet,,,
Zebuluraskai,,planet,,,
Zelmag,,planet,,,
Zelski,,planet,,,
Zempoatlepetl,,planet,,,
Zertarum,,planet,,,
Zetang,,planet,,,
Zhaomaon,,planet,,,
Zhongshan,,planet,,,
Ziliang,,planet,,,
Zindao,,planet,,,
Zlatousi,,planet,,,
Zoetermeer,,planet,,,
Zollikofen,,planet,,,
Zortman,,planet,,,
Zuhbehr,,planet,,,
Zurich,,planet,,,
Zvolen,,planet,,,
Zwenkau,,planet,,,
Zwipadze,,planet,,,
Aberne,,moon,,,
Acorna,,moon,,,
Aiken,,moon,,,
Aires,,moon,,,
Aisha,,moon,,,
Al-Zun,,moon,,,
Albert,,moon,,,
Altheim,,moon,,,
Amarigna,,moon,,,
Andalusia,,moon,,,
Andropov,,moon,,,
Andruyev,,moon,,,
Ardia,,moon,,,
Arima,,moon,,,
Artemis,,moon,,,
Ashkilov,,moon,,,
Auglaize,,moon,,,
Axylus,,moon,,,
Barotu,,moon,,,
Baudouin,,moon,,,
Bendis,,moon,,,
Berchtold,,moon,,,
Bereich,,moon,,,
Bethel,,moon,,,
Blanche,,moon,,,
Brach,,moon,,,
Brandt,,moon,,,
Buda,,moon,,,
Bull,,moon,,,
Cadiz,,moon,,,
Caliban,,moon,,,
Calliope,,moon,,,
Camacha,,moon,,,
Caran,,moon,,,
Carbons,,moon,,,
Cebeuq,,moon,,,
Celine,,moon,,,
Cerberus,,moon,,,
Chimera,,moon,,,
Chūai,,moon,,,
Columbia,,moon,,,
Coronado,,moon,,,
Coruna,,moon,,,
Corvis,,moon,,,
Crown,,moon,,,
Daikoku,,moon,,,
Damocles,,moon,,,
Delphi,,moon,,,
Deons,,moon,,,
Derika,,moon,,,
Devana,,moon,,,
Deven,,moon,,,
Dijon,,moon,,,
Dobry,,moon,,,
Dodecanisa,,moon,,,
Dongara,,moon,,,
Doriya,,moon,,,
Dublin,,moon,,,
Dundenhorn,,moon,,,
Duramajor,,moon,,,
Duraminor,,moon,,,
Durban,,moon,,,
Dyson,,moon,,,
Elatha,,moon,,,
Ella,,moon,,,
Eminence,,moon,,,
Escorial,,moon,,,
Favonius,,moon,,,
Fennec,,moon,,,
Filerimo,,moon,,,
Foster,,moon,,,
Francois,,moon,,,
Franklin,,moon,,,
Fraun,,moon,,,
Freemantle,,moon,,,
Funchal,,moon,,,
Gealach,,moon,,,
Gentius,,moon,,,
Ghada,,moon,,,
Glasgow,,moon,,,
Graf,,moon,,,
Grant,,moon,,,
Haifa,,moon,,,
Harshold,,moon,,,
Haven,,moon,,,
Hecate,,moon,,,
Herculaneum,,moon,,,
Heysham,,moon,,,
Holstein,,moon,,,
Hope,,moon,,,
Ilwynog,,moon,,,
Ishiko,,moon,,,
Janus,,moon,,,
Jasper,,moon,,,
Jefferson,,moon,,,
Jimmu,,moon,,,
Johnson,,moon,,,
Jordan,,moon,,,
Juniper,,moon,,,
Karachi,,moon,,,
Kassandra,,moon,,,
Kinsey,,moon,,,
Kiwi,,moon,,,
Kosho,,moon,,,
Krakau,,moon,,,
Kraygor,,moon,,,
Kuton,,moon,,,
Lanna,,moon,,,
Lassen,,moon,,,
Leopold,,moon,,,
Locke,,moon,,,
Logan,,moon,,,
Lumpy,,moon,,,
Lyris,,moon,,,
Madrid,,moon,,,
Magadan,,moon,,,
Malabar,,moon,,,
Mash,,moon,,,
Masters,,moon,,,
Mazel,,moon,,,
Mejiro,,moon,,,
Menor,,moon,,,
Meridian,,moon,,,
Midgard,,moon,,,
Miloe,,moon,,,
Mirage,,moon,,,
Mordred,,moon,,,
Morrison,,moon,,,
Myeongwol,,moon,,,
Myrdal,,moon,,,
Nagano,,moon,,,
Nando,,moon,,,
Nasya,,moon,,,
Nesodden,,moon,,,
Neville,,moon,,,
Ningxiang,,moon,,,
Nohea,,moon,,,
Oahu,,moon,,,
Oasis,,moon,,,
Okinawa,,moon,,,
Organus,,moon,,,
Otabwe,,moon,,,
Parus,,moon,,,
Pecos,,moon,,,
Pemba,,moon,,,
Petrograd,,moon,,,
Pinatar,,moon,,,
Pluto,,moon,,,
Portents,,moon,,,
Rakiraki,,moon,,,
Ratih,,moon,,,
Regis,,moon,,,
Reona,,moon,,,
Rhea,,moon,,,
Ribera,,moon,,,
Riken,,moon,,,
Romulus,,moon,,,
Rosetta,,moon,,,
Rouge,,moon,,,
Rowan,,moon,,,
Saratoga,,moon,,,
Scepter,,moon,,,
Selene,,moon,,,
Shard,,moon,,,
Shilo,,moon,,,
Sigurd,,moon,,,
Siparia,,moon,,,
Sjure,,moon,,,
Specula,,moon,,,
Stone,,moon,,,
Tagaen,,moon,,,
Taikata,,moon,,,
Talon,,moon,,,
Tatur,,moon,,,
Taurach,,moon,,,
Tavau,,moon,,,
Telegonus,,moon,,,
Teller,,moon,,,
Thorwatch,,moon,,,
Tiber,,moon,,,
Tinker,,moon,,,
Tobyn,,moon,,,
Tonegawa,,moon,,,
Tonga,,moon,,,
Tozai,,moon,,,
Tsukuyomi,,moon,,,
Tu'er Ye,,moon,,,
Ultima,,moon,,,
Ululani,,moon,,,
Upshur,,moon,,,
Volivoli,,moon,,,
Vondra,,moon,,,
Wasp,,moon,,,
Wing-Chiu,,moon,,,
Wrinkle,,moon,,,
Xanthe,,moon,,,
Xanthippe,,moon,,,
Yngve,,moon,,,
Yutu,,moon,,,
Zamzama,,moon,,,
Agrat-Mot,,nebula,,,
Alawanir,,nebula,,,
Amleth,,nebula,,,
Argolis,,nebula,,,
Baber,,nebula,,,
Barnes,,nebula,,,
Bassen,,nebula,,,
Betreka,,nebula,,,
Borgolis,,nebula,,,
Carina,,nebula,,,
Cat's Eye,,nebula,,,
Chamra,,nebula,,,
Foster,,nebula,,,
Friedlich,,nebula,,,
Gullory,,nebula,,,
Helaspont,,nebula,,,
Hobus,,nebula,,,
Hodges,,nebula,,,
Holaren,,nebula,,,
Hugora,,nebula,,,
Ionite,,nebula,,,
Jenkata,,nebula,,,
Kamiat,,nebula,,,
Keyhole,,nebula,,,
Lagoon,,nebula,,,
Lantar,,nebula,,,
Marrat,,nebula,,,
Mutara,,nebula,,,
Nekrit,,nebula,,,
Omarion,,nebula,,,
Ordek,,nebula,,,
Orpisay,,nebula,,,
Pantera,,nebula,,,
Pearl,,nebula,,,
Robinson,,nebula,,,
Rolor,,nebula,,,
Satoki,,nebula,,,
Swallow,,nebula,,,
Tibor,,nebula,,,
Trifid,,nebula,,,
Ushilev,,nebula,,,
Vara,,nebula,,,
Varian,,nebula,,,
Vasilakis,,nebula,,,
Veil,,nebula,,,
Vodrey,,nebula,,,
Volterra,,nebula,,,
Yridia,,nebula,,,
Zuraf,,nebula,,,
Zurav,,nebula,,,
Ailurus,,constellation,,,
Allactaga,,constellation,,,
Alopex,,constellation,,,
Alouatta,,constellation,,,
Aonyx,,constellation,,,
Aotus,,constellation,,,
Aplodontia,,constellation,,,
Arctocephalus,,constellation,,,
Atelerix,,constellation,,,
Ateles,,constellation,,,
Bassariscus,,constellation,,,
Boselaphus,,constellation,,,
Brachyteles,,constellation,,,
Bradypus,,constellation,,,
Callicebus,,constellation,,,
Callithrix,,constellation,,,
Callosciurus,,constellation,,,
Canis,,constellation,,,
Cannomys,,constellation,,,
Capra,,constellation,,,
Capricornis,,constellation,,,
Castor,,constellation,,,
Cavia,,constellation,,,
Cebuella,,constellation,,,
Cebus,,constellation,,,
Cercocebus,,constellation,,,
Cercopithecus,,constellation,,,
Cervus,,constellation,,,
Chinchilla,,constellation,,,
Choloepus,,constellation,,,
Coendou,,constellation,,,
Colobus,,constellation,,,
Cricetomys,,constellation,,,
Cricetus,,constellation,,,
Crocidura,,constellation,,,
Crocuta,,constellation,,,
Cynictis,,constellation,,,
Cynocephalus,,constellation,,,
Cynomys,,constellation,,,
Cynopterus,,constellation,,,
Dasypus,,constellation,,,
Dasyuroides,,constellation,,,
Didelphis,,constellation,,,
Dinomys,,constellation,,,
Dolichotis,,constellation,,,
Dryomys,,constellation,,,
Dusicyon,,constellation,,,
Echinops,,constellation,,,
Eidolon,,constellation,,,
Elaphodus,,constellation,,,
Elephas,,constellation,,,
Ellobius,,constellation,,,
Enhydra,,constellation,,,
Epomophorus,,constellation,,,
Equus,,constellation,,,
Erethizon,,constellation,,,
Erinaceus,,constellation,,,
Erythrocebus,,constellation,,,
Euphractus,,constellation,,,
Felis,,constellation,,,
Genetta,,constellation,,,
Glirulus,,constellation,,,
Hemicentetes,,constellation,,,
Hemiechinus,,constellation,,,
Hippotragus,,constellation,,,
Hyaena,,constellation,,,
Hydrochaerus,,constellation,,,
Hylobates,,constellation,,,
Hystrix,,constellation,,,
Ictonyx,,constellation,,,
Jaculus,,constellation,,,
Lagidium,,constellation,,,
Lagostomus,,constellation,,,
Lagothrix,,constellation,,,
Leontopithecus,,constellation,,,
Lepus,,constellation,,,
Loris,,constellation,,,
Macaca,,constellation,,,
Macropus,,constellation,,,
Mandrillus,,constellation,,,
Marmota,,constellation,,,
Martes,,constellation,,,
Mayailurus,,constellation,,,
Meles,,constellation,,,
Mephitis,,constellation,,,
Microtus,,constellation,,,
Miopithecus,,constellation,,,
Mogera,,constellation,,,
Muntiacus,,constellation,,,
Mustela,,constellation,,,
Myocastor,,constellation,,,
Nandinia,,constellation,,,
Nannospalax,,constellation,,,
Nasua,,constellation,,,
Neofelis,,constellation,,,
Ochotona,,constellation,,,
Ondatra,,constellation,,,
Oryctolagus,,constellation,,,
Otocyon,,constellation,,,
Otolemur,,constellation,,,
Paguma,,constellation,,,
Panthera,,constellation,,,
Paradoxurus,,constellation,,,
Paraxerus,,constellation,,,
Pedetes,,constellation,,,
Perodicticus,,constellation,,,
Petaurista,,constellation,,,
Petaurus,,constellation,,,
Phacochoerus,,constellation,,,
Phascolarctos,,constellation,,,
Philander,,constellation,,,
Pithecia,,constellation,,,
Praomys,,constellation,,,
Presbytis,,constellation,,,
Procavia,,constellation,,,
Procolobus,,constellation,,,
Procyon,,constellation,,,
Pseudorca,,constellation,,,
Pteromys,,constellation,,,
Pteropus,,constellation,,,
Pygathrix,,constellation,,,
Rangifer,,constellation,,,
Rattus,,constellation,,,
Rhombomys,,constellation,,,
Rousettus,,constellation,,,
Saguinus,,constellation,,,
Saimiri,,constellation,,,
Sarcophilus,,constellation,,,
Sciurus,,constellation,,,
Selenarctos,,constellation,,,
Setifer,,constellation,,,
Stenella,,constellation,,,
Suricata,,constellation,,,
Sylvilagus,,constellation,,,
Tamandua,,constellation,,,
Tamiasciurus,,constellation,,,
Tapirus,,constellation,,,
Tarsius,,constellation,,,
Tayassu,,constellation,,,
Thryonomys,,constellation,,,
Tragelaphus,,constellation,,,
Trichosurus,,constellation,,,
Trogopterus,,constellation,,,
Tupaia,,constellation,,,
Tursiops,,constellation,,,
Urotrichus,,constellation,,,
Varecia,,constellation,,,
Viverra,,constellation,,,
Vulpes,,constellation,,,
Zalophus,,constellation,,,
$parent's Aegis,,"asteroid_belt, ring",,,
$parent's Ataxia,,"asteroid_belt, ring",,,
$parent's Aureole,,"asteroid_belt, ring",,,
$parent's Band,,"asteroid_belt, ring",,,
$parent's Bracelet,,"asteroid_belt, ring",,,
$parent's Buckler,,"asteroid_belt, ring",,,
$parent's Buffer,,"asteroid_belt, ring",,,
$parent's Bulwark,,"asteroid_belt, ring",,,
$parent's Cincture ,,"asteroid_belt, ring",,,
$parent's Circlet,,"asteroid_belt, ring",,,
$parent's Cirque,,"asteroid_belt, ring",,,
$parent's Coil,,"asteroid_belt, ring",,,
$parent's Corona,,"asteroid_belt, ring",,,
$parent's Discord,,"asteroid_belt, ring",,,
$parent's Ecliptic,,"asteroid_belt, ring",,,
$parent's Enclosure,,"asteroid_belt, ring",,,
$parent's Gyre,,"asteroid_belt, ring",,,
$parent's Halo,,"asteroid_belt, ring",,,
$parent's Horde,,"asteroid_belt, ring",,,
$parent's Perimeter,,"asteroid_belt, ring",,,
$parent's Periphery,,"asteroid_belt, ring",,,
$parent's Rampart ,,"asteroid_belt, ring",,,
$parent's Revolution,,"asteroid_belt, ring",,,
$parent's Ribbon,,"asteroid_belt, ring",,,
$parent's Ring,,"asteroid_belt, ring",,,
$parent's Sash,,"asteroid_belt, ring",,,
$parent's Snarl,,"asteroid_belt, ring",,,
$parent's Throng ,,"asteroid_belt, ring",,,
$parent's Tumult,,"asteroid_belt, ring",,,
$parent's Wheel,,"asteroid_belt, ring",,,
$parent's Alluvion,,asteroid_field,,,
$parent's Array,,asteroid_field,,,
$parent's Assemblage,,asteroid_field,,,
$parent's Band,,asteroid_field,,,
$parent's Bank,,asteroid_field,,,
$parent's Batch,,asteroid_field,,,
$parent's Bevy,,asteroid_field,,,
$parent's Bunch,,asteroid_field,,,
$parent's Bundle,,asteroid_field,,,
$parent's Clump,,asteroid_field,,,
$parent's Cluster,,asteroid_field,,,
$parent's Clutch,,asteroid_field,,,
$parent's Collection,,asteroid_field,,,
$parent's Crew,,asteroid_field,,,
$parent's Crowd,,asteroid_field,,,
$parent's Crush,,asteroid_field,,,
$parent's Deposit,,asteroid_field,,,
$parent's Drove,,asteroid_field,,,
$parent's Gang,,asteroid_field,,,
$parent's Gathering,,asteroid_field,,,
$parent's Heap,,asteroid_field,,,
$parent's Host,,asteroid_field,,,
$parent's Knot,,asteroid_field,,,
$parent's Mass,,asteroid_field,,,
$parent's Mob,,asteroid_field,,,
$parent's Multitude,,asteroid_field,,,
$parent's Pack,,asteroid_field,,,
$parent's Pile,,asteroid_field,,,
$parent's Swarm,,asteroid_field,,,
$parent's Troop,,asteroid_field,,,
$parent's Acrimony,,"magnetic_field, accretion",,,
$parent's Animosity,,"magnetic_field, accretion",,,
$parent's Asperity,,"magnetic_field, accretion",,,
$parent's Bedlam,,"magnetic_field, accretion",,,
$parent's Cacophony,,"magnetic_field, accretion",,,
$parent's Chagrin,,"magnetic_field, accretion",,,
$parent's Chaos,,"magnetic_field, accretion",,,
$parent's Clamor,,"magnetic_field, accretion",,,
$parent's Disharmony,,"magnetic_field, accretion",,,
$parent's Displeasure,,"magnetic_field, accretion",,,
$parent's Dissonance,,"magnetic_field, accretion",,,
$parent's Distemper,,"magnetic_field, accretion",,,
$parent's Enmity,,"magnetic_field, accretion",,,
$parent's Exasperation,,"magnetic_field, accretion",,,
$parent's Fury,,"magnetic_field, accretion",,,
$parent's Hate,,"magnetic_field, accretion",,,
$parent's Hatred,,"magnetic_field, accretion",,,
$parent's Indignation,,"magnetic_field, accretion",,,
$parent's Infuriation,,"magnetic_field, accretion",,,
$parent's Ire,,"magnetic_field, accretion",,,
$parent's Irritation,,"magnetic_field, accretion",,,
$parent's Outrage,,"magnetic_field, accretion",,,
$parent's Pandemonium,,"magnetic_field, accretion",,,
$parent's Rage,,"magnetic_field, accretion",,,
$parent's Resentment,,"magnetic_field, accretion",,,
$parent's Storm,,"magnetic_field, accretion",,,
$parent's Tumult,,"magnetic_field, accretion",,,
$parent's Turmoil,,"magnetic_field, accretion",,,
$parent's Uproar,,"magnetic_field, accretion",,,
$parent's Vengeance,,"magnetic_field, accretion",,,
$parent's Cape,,"nebula, magnetic_field",,,
$parent's Cerement,,"nebula, magnetic_field",,,
$parent's Cloak,,"nebula, magnetic_field",,,
$parent's Cover,,"nebula, magnetic_field",,,
$parent's Domain,,"nebula, magnetic_field",,,
$parent's Expanse,,"nebula, magnetic_field",,,
$parent's Extent,,"nebula, magnetic_field",,,
$parent's Facade,,"nebula, magnetic_field",,,
$parent's Field,,"nebula, magnetic_field",,,
$parent's Lake,,"nebula, magnetic_field",,,
$parent's Manteau,,"nebula, magnetic_field",,,
$parent's Mantle,,"nebula, magnetic_field",,,
$parent's Mask,,"nebula, magnetic_field",,,
$parent's Ocean,,"nebula, magnetic_field",,,
$parent's Pall,,"nebula, magnetic_field",,,
$parent's Plain,,"nebula, magnetic_field",,,
$parent's Range,,"nebula, magnetic_field",,,
$parent's Reach,,"nebula, magnetic_field",,,
$parent's Scope,,"nebula, magnetic_field",,,
$parent's Screen,,"nebula, magnetic_field",,,
$parent's Shade,,"nebula, magnetic_field",,,
$parent's Shadow,,"nebula, magnetic_field",,,
$parent's Shawl,,"nebula, magnetic_field",,,
$parent's Sheet,,"nebula, magnetic_field",,,
$parent's Shelter,,"nebula, magnetic_field",,,
$parent's Span,,"nebula, magnetic_field",,,
$parent's Stretch,,"nebula, magnetic_field",,,
$parent's Swell,,"nebula, magnetic_field",,,
$parent's Veil,,"nebula, magnetic_field",,,
$parent's Wilderness,,"nebula, magnetic_field",,,